-- phpMyAdmin SQL Dump
-- version 4.9.0.1
-- https://www.phpmyadmin.net/
--
-- Host: localhost
-- Generation Time: Apr 02, 2020 at 01:16 AM
-- Server version: 10.3.16-MariaDB
-- PHP Version: 7.3.6

SET SQL_MODE = "NO_AUTO_VALUE_ON_ZERO";
SET AUTOCOMMIT = 0;
START TRANSACTION;
SET time_zone = "+00:00";


/*!40101 SET @OLD_CHARACTER_SET_CLIENT=@@CHARACTER_SET_CLIENT */;
/*!40101 SET @OLD_CHARACTER_SET_RESULTS=@@CHARACTER_SET_RESULTS */;
/*!40101 SET @OLD_COLLATION_CONNECTION=@@COLLATION_CONNECTION */;
/*!40101 SET NAMES utf8mb4 */;

--
-- Database: `apotik_database`
--

-- --------------------------------------------------------

--
-- Table structure for table `jenis_obat`
--

CREATE TABLE `jenis_obat` (
  `id_jenis` varchar(20) NOT NULL,
  `jenis_obat` varchar(40) NOT NULL,
  `deskripsi` varchar(100) NOT NULL
) ENGINE=InnoDB DEFAULT CHARSET=utf8mb4;

--
-- Dumping data for table `jenis_obat`
--

INSERT INTO `jenis_obat` (`id_jenis`, `jenis_obat`, `deskripsi`) VALUES
('ALKSHTN', 'ALAT KESEHATAN - UPDATED', 'Alat tambahan untuk kesehatan'),
('ALTHMHRL', 'ALAT, JAMU, ATAU HERBAL', 'alat atau jamu atau herbal'),
('GNRK', 'GENERIK', 'obat generik'),
('IBNANK', 'IBU DAN ANAK', 'obat untuk iba dan anak'),
('OKSAKMJ', 'TES OKE SIAP AKMJ', 'INI TEST EA'),
('PRA', 'PRIA', 'obat khusus untuk pria'),
('SPLMN', 'SUPLEMEN', 'suplemen'),
('TSTGN', 'TESTGAN', 'INI ADALAH TESTING'),
('WTA', 'WANITA', 'obat khusus untuk wanita');

-- --------------------------------------------------------

--
-- Table structure for table `obat`
--

CREATE TABLE `obat` (
  `id_obat` varchar(40) NOT NULL,
  `id_jenis` varchar(20) NOT NULL,
  `nama_obat` varchar(100) NOT NULL,
  `harga` decimal(10,0) NOT NULL,
  `stok` decimal(10,0) NOT NULL
) ENGINE=InnoDB DEFAULT CHARSET=utf8mb4;

--
-- Dumping data for table `obat`
--

INSERT INTO `obat` (`id_obat`, `id_jenis`, `nama_obat`, `harga`, `stok`) VALUES
('ALKSHTN1083', 'ALKSHTN', 'FLADYSTIN OVULA', '21000', '60'),
('ALKSHTN1087', 'ALKSHTN', 'MATOVIT FIFTY TAB 30\\\'S/DOS', '61000', '93'),
('ALKSHTN1102', 'ALKSHTN', 'SUTRA RAMUAN MADURA 3\\\'S', '7000', '124'),
('ALKSHTN1108', 'ALKSHTN', 'TRANSOFIX', '16000', '11'),
('ALKSHTN1114', 'ALKSHTN', 'NUTRAFOR GOLD 40S', '201000', '199'),
('ALKSHTN1118', 'ALKSHTN', 'KONILIFE CO Q10 TAB 30S', '173000', '67'),
('ALKSHTN1124', 'ALKSHTN', 'QNC GAMAT 300ML', '231000', '169'),
('ALKSHTN1217', 'ALKSHTN', 'MADU MURNI TRESNOJOYO 150ML', '23000', '55'),
('ALKSHTN1235', 'ALKSHTN', 'GOOD LIFE GCM TAB', '48000', '260'),
('ALKSHTN124', 'ALKSHTN', 'VICKS INHALER', '16000', '45'),
('ALKSHTN1253', 'ALKSHTN', 'TENSOCRAPE 15CM', '138000', '119'),
('ALKSHTN1283', 'ALKSHTN', 'RAPET WANGI CAP', '10000', '181'),
('ALKSHTN1289', 'ALKSHTN', 'ACCU CHECK INSTANT STRIP 50S', '402000', '257'),
('ALKSHTN1321', 'ALKSHTN', 'SUTRA OK KONDOM 12\\\'S', '34000', '28'),
('ALKSHTN1359', 'ALKSHTN', 'NEW ASTAR CR', '11000', '162'),
('ALKSHTN1370', 'ALKSHTN', 'KK NATESH PANTYLINERS 20S', '35000', '272'),
('ALKSHTN1458', 'ALKSHTN', 'OPTIMAX O3 SOFTCAP 30S', '94000', '165'),
('ALKSHTN1463', 'ALKSHTN', 'DERMAFIX T PLESTER 10X12CM', '12000', '220'),
('ALKSHTN1470', 'ALKSHTN', 'TENSOCRAPE 10CM', '105000', '65'),
('ALKSHTN1495', 'ALKSHTN', 'TETRASANBE 500MG', '708000', '208'),
('ALKSHTN1522', 'ALKSHTN', 'WELLNESS GINKO FORMULA 60S', '295000', '164'),
('ALKSHTN1529', 'ALKSHTN', 'CAPROLIV TAB 60S', '66000', '19'),
('ALKSHTN1553', 'ALKSHTN', 'SANBE KIDS EMULSION ORANGE 200ML', '51000', '128'),
('ALKSHTN1625', 'ALKSHTN', 'HP PRO 120 CAP', '72000', '97'),
('ALKSHTN1632', 'ALKSHTN', 'CUKA APEL TAHESTA 300ML', '57000', '143'),
('ALKSHTN1646', 'ALKSHTN', 'TEST EA', '1231', '11'),
('ALKSHTN1651', 'ALKSHTN', 'NESCO CHECK URIN ACID STRIP 25S', '141000', '118'),
('ALKSHTN1652', 'ALKSHTN', 'GLUCOSAMINE MPL MEDIKON 250MG TAB', '14000', '162'),
('ALKSHTN1658', 'ALKSHTN', 'TISSUE SUPERMAGIC MAN AROMA CASANOVA', '13000', '120'),
('ALKSHTN1716', 'ALKSHTN', 'EPATIN CAP', '59000', '144'),
('ALKSHTN1753', 'ALKSHTN', 'ONE MED TEST KEHAMILAN', '7000', '54'),
('ALKSHTN1754', 'ALKSHTN', 'MADU MURNI TRESNOJOYO 250ML', '35000', '190'),
('ALKSHTN1758', 'ALKSHTN', 'FOLAXIN 400MCG TAB 100S', '3000', '201'),
('ALKSHTN1779', 'ALKSHTN', 'AUTOCHECK STRIP KOLESTEROL 10S', '222000', '225'),
('ALKSHTN1787', 'ALKSHTN', 'BRANDS SARI PATI AYAM DENGAN CORDYCEPS 2,5OZ (70GR)', '28000', '274'),
('ALKSHTN1802', 'ALKSHTN', 'RILLUS TAB CHEW 30S', '290000', '123'),
('ALKSHTN1805', 'ALKSHTN', 'MALTIRON PLUS TABLET', '20000', '288'),
('ALKSHTN183', 'ALKSHTN', 'PIRACETAM BERNO 800MG TAB', '1000', '45'),
('ALKSHTN1851', 'ALKSHTN', 'EYEVIT TAB', '36000', '79'),
('ALKSHTN1870', 'ALKSHTN', 'WWZ (WARM WATER ZAK)', '39000', '154'),
('ALKSHTN1888', 'ALKSHTN', 'NESCO CHECKGLUCOSE STRIP 25S', '125000', '115'),
('ALKSHTN190', 'ALKSHTN', 'ACCU CHECK SOFTCLIX LANCET 100S', '181000', '122'),
('ALKSHTN1905', 'ALKSHTN', 'VITACHOL CAP 50S', '77000', '297'),
('ALKSHTN1916', 'ALKSHTN', 'AUTOCHECK STRIP GLUCOSE 25S', '110000', '57'),
('ALKSHTN1939', 'ALKSHTN', 'HEMAVITON CARDIO 30S/BOTOL', '56000', '229'),
('ALKSHTN2021', 'ALKSHTN', 'SUTRA KONDOM 12S', '23000', '165'),
('ALKSHTN2037', 'ALKSHTN', 'BIOLYSIN KIDS TAB JERUK 30\\\'S', '15000', '27'),
('ALKSHTN2046', 'ALKSHTN', 'FOLAMIL GENIO', '149000', '240'),
('ALKSHTN2060', 'ALKSHTN', 'KUNYIT ASEM SIDOMUNCUL SACH', '10000', '172'),
('ALKSHTN2071', 'ALKSHTN', 'ASTRIA 4MG SOFT CAP 20S', '102000', '111'),
('ALKSHTN2074', 'ALKSHTN', 'CELANA SUNAT S', '34000', '238'),
('ALKSHTN2136', 'ALKSHTN', 'SANFULIQ TAB 30S', '70000', '12'),
('ALKSHTN221', 'ALKSHTN', 'CANDISTIN SUSP DROP 12ML', '51000', '5'),
('ALKSHTN2227', 'ALKSHTN', 'MEVITON TAB 100S', '20000', '57'),
('ALKSHTN223', 'ALKSHTN', 'PYNOCARE WHITE CAP', '193000', '124'),
('ALKSHTN2249', 'ALKSHTN', 'ACNACARE CAP', '65000', '296'),
('ALKSHTN2282', 'ALKSHTN', 'DUREX CLOSE FIT 3S', '18000', '199'),
('ALKSHTN230', 'ALKSHTN', 'EYEVIT SIRUP', '74000', '103'),
('ALKSHTN2324', 'ALKSHTN', 'MADU SUPER NUSANTARA 100ML', '50000', '288'),
('ALKSHTN233', 'ALKSHTN', 'PIRACETAM NOVELL 1200MG TAB', '1000', '257'),
('ALKSHTN2350', 'ALKSHTN', 'SENSITIF TEST KEHAMILAN', '27000', '262'),
('ALKSHTN2357', 'ALKSHTN', 'HEMAVITON CARDIO TAB STRIP 10S', '20000', '154'),
('ALKSHTN2388', 'ALKSHTN', 'ONE MED COLOSTOMY BAG NO 2', '42000', '85'),
('ALKSHTN2413', 'ALKSHTN', 'PIL KB ANDALAN TAB', '15000', '24'),
('ALKSHTN2432', 'ALKSHTN', 'KANDISTATIN DROP 100.000IU/ML 12ML', '54000', '64'),
('ALKSHTN244', 'ALKSHTN', 'EASY TOUCH LANCET', '39000', '254'),
('ALKSHTN2464', 'ALKSHTN', 'OSTEOFLAM TAB', '41000', '224'),
('ALKSHTN2476', 'ALKSHTN', 'URINAL WANITA', '16000', '297'),
('ALKSHTN2517', 'ALKSHTN', 'BOTOL KACA 100ML', '7000', '125'),
('ALKSHTN2564', 'ALKSHTN', 'BRANDS SARI PATI AYAM 1,5OZ (42GR)', '16000', '223'),
('ALKSHTN2565', 'ALKSHTN', 'ACE MAX 350ML', '236000', '227'),
('ALKSHTN2566', 'ALKSHTN', 'ACCU CHECK ACT 50 STR', '526000', '266'),
('ALKSHTN2571', 'ALKSHTN', 'ULTRAVITA CAP 4S', '12000', '251'),
('ALKSHTN2594', 'ALKSHTN', 'WELLNESS VIT E 400IU 60S', '280000', '236'),
('ALKSHTN2611', 'ALKSHTN', 'HI-BONE 600 TAB 30S', '201000', '134'),
('ALKSHTN2625', 'ALKSHTN', 'DUREX EXTRA SAFE 12\\\'S', '74000', '152'),
('ALKSHTN2646', 'ALKSHTN', 'NESCO CHECK CHOLESTEROL STRIP 10S', '230000', '151'),
('ALKSHTN2689', 'ALKSHTN', 'FOLAMIL GOLD TAB 30S', '181000', '38'),
('ALKSHTN2692', 'ALKSHTN', 'BIOCALCI 72 TAB 4S STRIP 12S', '12000', '282'),
('ALKSHTN2709', 'ALKSHTN', 'GERIAVITA CAP', '78000', '269'),
('ALKSHTN2710', 'ALKSHTN', 'GLUCO DR BIO SENSOR STRIP 50S (ISI 2 BOTOL)', '338000', '231'),
('ALKSHTN273', 'ALKSHTN', 'NESCO LANCET 200S', '360000', '215'),
('ALKSHTN2764', 'ALKSHTN', 'MATOVIT AX TAB', '58000', '121'),
('ALKSHTN2797', 'ALKSHTN', 'SUTRA KONDOM 3S', '7000', '186'),
('ALKSHTN2828', 'ALKSHTN', 'ALERTEN Q25 CAP', '190000', '288'),
('ALKSHTN2832', 'ALKSHTN', 'AKURAT TEST KEHAMILAN', '12000', '29'),
('ALKSHTN2857', 'ALKSHTN', 'SUTRA KONDOM 24\\\'S', '42000', '9'),
('ALKSHTN2864', 'ALKSHTN', 'ANDALAN PREGCY CHECK STRIP', '4000', '293'),
('ALKSHTN2887', 'ALKSHTN', 'WELLNESS CALCIUM CITRATE CAP 60\\\'S', '210000', '102'),
('ALKSHTN2892', 'ALKSHTN', 'ALBUSMIN CAP 30S', '202000', '199'),
('ALKSHTN293', 'ALKSHTN', 'MADU MURNI NUSANTARA 100ML', '40000', '285'),
('ALKSHTN2934', 'ALKSHTN', 'SUTRA OK KONDOM 3\\\'S', '10000', '154'),
('ALKSHTN2935', 'ALKSHTN', 'THERABEX TAB 10S', '10000', '269'),
('ALKSHTN2938', 'ALKSHTN', 'LIVER PRIME CAPSUL', '280000', '30'),
('ALKSHTN307', 'ALKSHTN', 'FIESTA MAX DOTTED 3S', '14000', '27'),
('ALKSHTN312', 'ALKSHTN', 'WOMAN CHOICE STRIP 1S', '25000', '193'),
('ALKSHTN387', 'ALKSHTN', 'MADU SYAMIL FAMILY 200ML', '36000', '289'),
('ALKSHTN39', 'ALKSHTN', 'TENSOCRAPE 3(7,5CM)', '92000', '101'),
('ALKSHTN392', 'ALKSHTN', 'MYCOSTATIN DROP 12ML', '77000', '185'),
('ALKSHTN408', 'ALKSHTN', 'SPUIT TERUMO 10 ML', '7000', '100'),
('ALKSHTN414', 'ALKSHTN', 'BERRY VISION DISP 100S', '28000', '62'),
('ALKSHTN420', 'ALKSHTN', 'TESTPACK TEST KEHAMILAN', '10000', '174'),
('ALKSHTN43', 'ALKSHTN', 'NERVA PLUS TAB', '40000', '163'),
('ALKSHTN456', 'ALKSHTN', 'INTERLAC RASA STRAWBERRY TAB KUNYAH 30S', '125000', '291'),
('ALKSHTN46', 'ALKSHTN', 'SENSITIF COMPACT', '57000', '18'),
('ALKSHTN479', 'ALKSHTN', 'EASY TOUCH CHOLESTEROL STRIP 10\\\'S', '282000', '195'),
('ALKSHTN487', 'ALKSHTN', 'PROCALMA CAPSUL', '51000', '167'),
('ALKSHTN492', 'ALKSHTN', 'VITAMIN B12 KF 50MCG TAB 100S', '968000', '186'),
('ALKSHTN505', 'ALKSHTN', 'BD JARUM MICROFINE 0.25X5MM', '432000', '175'),
('ALKSHTN533', 'ALKSHTN', 'SUTRA PERKASA CAP 2S', '17000', '144'),
('ALKSHTN568', 'ALKSHTN', 'MADU SUPER NUSANTARA 250ML', '92000', '113'),
('ALKSHTN571', 'ALKSHTN', 'LACTACYD DAILY FEMININE HYGIENE 150ML', '70000', '76'),
('ALKSHTN61', 'ALKSHTN', 'FIESTA BANANA 3S', '15000', '239'),
('ALKSHTN629', 'ALKSHTN', 'POSTINOR 750MCG TAB', '14000', '171'),
('ALKSHTN636', 'ALKSHTN', 'DIRECT TEST', '25000', '94'),
('ALKSHTN648', 'ALKSHTN', 'DUREX EXT SAFE 3S', '23000', '84'),
('ALKSHTN657', 'ALKSHTN', 'HP PRO PLUS 90 CAP', '95000', '138'),
('ALKSHTN663', 'ALKSHTN', 'HEMAVITON ACTION 5S CAP', '7000', '258'),
('ALKSHTN747', 'ALKSHTN', 'WELLNESS CAL/MAG/ZINC 60S', '220000', '105'),
('ALKSHTN750', 'ALKSHTN', 'BIOCALCI 72 TAB 30S', '83000', '131'),
('ALKSHTN753', 'ALKSHTN', 'STIMOX CAP 50S', '90000', '229'),
('ALKSHTN79', 'ALKSHTN', 'LIPROLAC SACH 2.5G', '9000', '150'),
('ALKSHTN82', 'ALKSHTN', 'IFARSYL TAB 100S', '4000', '187'),
('ALKSHTN850', 'ALKSHTN', 'BIOLYSIN KIDS TAB BLACKCURANT 30\\\'S', '15000', '21'),
('ALKSHTN851', 'ALKSHTN', 'NATUR E ADVANCED CAP 16S', '43000', '140'),
('ALKSHTN871', 'ALKSHTN', 'AUTOCHECK STRIP ASAM URAT 25S', '163000', '137'),
('ALKSHTN876', 'ALKSHTN', 'FLAGYSTATIN OVULA', '24000', '10'),
('ALKSHTN888', 'ALKSHTN', 'GOLD G SEA CUCUMBER JELLY 320ML', '180000', '213'),
('ALKSHTN939', 'ALKSHTN', 'PIRACETAM NOVELL 800MG TAB', '1000', '237'),
('ALKSHTN948', 'ALKSHTN', 'BRANDS SARI PATI AYAM 2,5OZ (70GR)', '24000', '297'),
('ALKSHTN966', 'ALKSHTN', 'UC FLEX TAB 30S', '68000', '120'),
('GNRK1018', 'GNRK', 'PROHELIC', '74000', '128'),
('GNRK1019', 'GNRK', 'AMBROXOL 30MG TAB IF', '429000', '131'),
('GNRK1028', 'GNRK', 'BIO STRATH TAB 100S', '217000', '228'),
('GNRK1053', 'GNRK', 'TERMOREX PLUS 60ML', '15000', '298'),
('GNRK1056', 'GNRK', 'AMLODIPINE BERNO 10MG TAB', '2000', '145'),
('GNRK1057', 'GNRK', 'IBUPROFEN 400MG TAB', '720000', '296'),
('GNRK1077', 'GNRK', 'AMLODIPINE KF 5MG TAB', '1000', '22'),
('GNRK1085', 'GNRK', 'CEFIXIME DEXA DRY SYR 30ML 100MG/5ML', '0', '22'),
('GNRK1090', 'GNRK', 'SAKATONIK ABC JERUK BTL', '16000', '30'),
('GNRK1091', 'GNRK', 'PANADOL SYR 60ML', '52000', '151'),
('GNRK1104', 'GNRK', 'PANADOL ANAK CHEW TAB', '14000', '219'),
('GNRK1122', 'GNRK', 'PIRACETAM DEXA 1200MG', '1000', '10'),
('GNRK1133', 'GNRK', 'NORIT LANG DOS', '18000', '19'),
('GNRK1141', 'GNRK', 'EGOJI CHEWY GUMMY JERUK SACH 5S', '10000', '284'),
('GNRK1147', 'GNRK', 'METHYLPREDNISOLON DEXA 4MG TAB', '615000', '146'),
('GNRK1151', 'GNRK', 'CIPROFLOXACIN NOVELL 500MG TAB', '929000', '269'),
('GNRK1156', 'GNRK', 'LINCOMYCIN IF 500MG CAP 60S', '2000', '97'),
('GNRK116', 'GNRK', 'CITICOLIN BERNO 500MG TAB', '9000', '258'),
('GNRK1172', 'GNRK', 'ACYCLOVIR KF 400MG TAB 100S', '1000', '124'),
('GNRK1175', 'GNRK', 'PIRACETAM DEXA 400MG', '633000', '75'),
('GNRK1191', 'GNRK', 'ZINKID 10MG/5ML SYR 100ML', '37000', '163'),
('GNRK1199', 'GNRK', 'ALLOPURINOL IF 100MG TAB', '0', '72'),
('GNRK120', 'GNRK', 'OBH COMBI ANAK BATUK FLU RASA APEL 60ML', '15000', '179'),
('GNRK1205', 'GNRK', 'GEMFIBROZIL 300MG CAP', '733000', '136'),
('GNRK1222', 'GNRK', 'VOMCERAN 4MG TAB 10S', '22000', '58'),
('GNRK1234', 'GNRK', 'AMBROXOL FM 30MG TAB 100S', '261000', '51'),
('GNRK126', 'GNRK', 'GLIMEPIRIDE DEXA 2MG TAB', '2000', '154'),
('GNRK1279', 'GNRK', 'TOLAK ANGIN PERMEN BEBAS GULA RASA MINT SACH 15S', '2000', '26'),
('GNRK1289', 'GNRK', 'SANMOL SYR 60ML 120MG/5ML', '15000', '110'),
('GNRK129', 'GNRK', 'MONELL DROP 10ML', '60000', '53'),
('GNRK1291', 'GNRK', 'IBU DAN ANAK OBAT BATUK 300ML', '73000', '46'),
('GNRK1300', 'GNRK', 'ASAM MEFENAMAT BERNO 500MG', '0', '269'),
('GNRK1306', 'GNRK', 'INTERLAC RASA STRAWBERRY TAB KUNYAH 30S', '125000', '228'),
('GNRK1322', 'GNRK', 'ALLOPURINOL BERNO 100MG TAB', '352000', '296'),
('GNRK1324', 'GNRK', 'BIOLYSIN SYR 60 ML', '14000', '152'),
('GNRK1329', 'GNRK', 'CANDESARTAN DEXA 16MG TAB', '9000', '200'),
('GNRK133', 'GNRK', 'ULTRAMILK CAIR MOCCA KOTAK 250ML', '5000', '24'),
('GNRK1345', 'GNRK', 'PARACETAMOL KIMIA FARMA 500MG', '0', '282'),
('GNRK1349', 'GNRK', 'EYEVIT TAB', '36000', '204'),
('GNRK135', 'GNRK', 'AMLODIPINE BERNO 5MG TAB', '1000', '93'),
('GNRK1353', 'GNRK', 'MAXX OMEGA 3 SOFTCAP 30S BTL', '8000', '171'),
('GNRK1356', 'GNRK', 'OBH COMBI ANAK BATUK FLU RASA STRAWBERRY 60ML', '15000', '221'),
('GNRK1359', 'GNRK', 'EYEVIT TAB', '36000', '251'),
('GNRK1360', 'GNRK', 'MJS NATURE BATSARIA 20G', '21000', '65'),
('GNRK1363', 'GNRK', 'CEREBROFORT GOLD ORANGE 100ML', '21000', '219'),
('GNRK1364', 'GNRK', 'RIFAMPICIN 600MG TAB', '0', '47'),
('GNRK1372', 'GNRK', 'ETHAMBUTOL TAB 500 MG', '1000', '87'),
('GNRK1381', 'GNRK', 'DECOUGH SYR ANAK RASA JERUK 60ML', '23000', '194'),
('GNRK1390', 'GNRK', 'AMLODIPINE DEXA 10MG', '2000', '126'),
('GNRK1396', 'GNRK', 'THIAMPHENICOL 500MG TAB', '1000', '142'),
('GNRK1405', 'GNRK', 'SUSU ULTRA COKLAT 200 ML', '5000', '227'),
('GNRK1412', 'GNRK', 'PIRACETAM NOVELL 1200MG TAB', '1000', '99'),
('GNRK1418', 'GNRK', 'FENOFIBRATE 300MG TAB 30S', '5000', '52'),
('GNRK1429', 'GNRK', 'MOLOCO PLUS B12 TAB', '4000', '30'),
('GNRK1440', 'GNRK', 'GRISEOFULVIN 500MG TAB', '2000', '40'),
('GNRK1443', 'GNRK', 'TRIAMINIC BATUK SYR', '72000', '52'),
('GNRK1445', 'GNRK', 'BYE BYE FEVER ANAK', '11000', '213'),
('GNRK1460', 'GNRK', 'GLYCERIL GUAIACOLAS SAKAFARMA 100MG TAB 1000S', '0', '269'),
('GNRK1465', 'GNRK', 'SIMVASTATIN DEXA 20MG TAB 50S', '0', '17'),
('GNRK1479', 'GNRK', 'IKAN PAUS COD LIVER OIL CAP 100S', '24000', '104'),
('GNRK1483', 'GNRK', 'VOMITAS FDT TAB 50S', '5000', '71'),
('GNRK1499', 'GNRK', 'DEXYMOX FORTE 500MG', '1000', '181'),
('GNRK1508', 'GNRK', 'PROMAVIT TAB', '44000', '261'),
('GNRK152', 'GNRK', 'MEFENAMIC ACID MERSI 500MG CAPL 100S', '344000', '197'),
('GNRK1532', 'GNRK', 'SUSU ULTRA COKLAT 250 ML', '6000', '264'),
('GNRK1534', 'GNRK', 'HB VIT KAPLET 30S', '25000', '282'),
('GNRK1542', 'GNRK', 'RBM SUSU KAMBING ETAWA 25G SACH 10S', '67000', '192'),
('GNRK1547', 'GNRK', 'COTRIMOXAZOL BERNOFARM 480MG TAB', '609000', '190'),
('GNRK1551', 'GNRK', 'CITICOLINE MPL MEDIKON 500MG TAB 30S', '10000', '100'),
('GNRK1585', 'GNRK', 'CO AMOXICLAVE 625MG TAB', '0', '278'),
('GNRK1597', 'GNRK', 'EGOJI CHEWY GUMMY STRAW SACH 5S', '10000', '219'),
('GNRK1601', 'GNRK', 'ATORVASTATIN NOVELL 40MG TAB', '5000', '164'),
('GNRK1611', 'GNRK', 'CAPTOPRIL INDOFARMA 12,5MG TAB', '192000', '237'),
('GNRK1613', 'GNRK', 'LAMANDEL 200GR', '40000', '175'),
('GNRK1615', 'GNRK', 'INLACTA DHA SOFT CAP', '87000', '40'),
('GNRK1647', 'GNRK', 'PIRACETAM BERNO 800MG TAB', '1000', '63'),
('GNRK1660', 'GNRK', 'ANTASIDA DOEN ERELA TAB', '2000', '207'),
('GNRK1666', 'GNRK', 'AMLODIPINE KF 10MG TAB', '2000', '211'),
('GNRK1684', 'GNRK', 'GLIMEPIRIDE DEXA 1MG TAB', '1000', '119'),
('GNRK17', 'GNRK', 'METHYLPREDNISOLON NOVELL 16MG TAB', '1000', '130'),
('GNRK1701', 'GNRK', 'AMLODIPINE HEXPHARM 10MG TAB 30S', '1000', '279'),
('GNRK1703', 'GNRK', 'BISOPROLOL FUMARATE DEXA 5MG TAB', '3000', '211'),
('GNRK1721', 'GNRK', 'SANEXON 4MG TAB', '3000', '113'),
('GNRK1767', 'GNRK', 'BIO STRATH TAB 100S', '217000', '99'),
('GNRK1779', 'GNRK', 'ANAKONIDIN SYR 30ML', '8000', '216'),
('GNRK1782', 'GNRK', 'PIGEON DISPOSABLE BREAST PAD 30S (BONUS 6S)', '2000', '163'),
('GNRK1788', 'GNRK', 'PARACETAMOL SYR 120MG/5ML', '0', '63'),
('GNRK1793', 'GNRK', 'AZITHROMICIN 500 MG TAB', '15000', '245'),
('GNRK1803', 'GNRK', 'LACTO B SACH', '7000', '156'),
('GNRK1807', 'GNRK', 'FOLAVICAP 400MCG TAB 100S', '1000', '233'),
('GNRK1824', 'GNRK', 'AMLODIPINE MAHAKAM 5MG TAB 30S', '607000', '263'),
('GNRK1831', 'GNRK', 'ENTROSTOP HERBAL ANAK SACH 6S', '2000', '131'),
('GNRK1841', 'GNRK', 'SANMOL DROP 15ML 60MG/0.6ML', '21000', '31'),
('GNRK1850', 'GNRK', 'TERMOREX SYR 30ML', '9000', '166'),
('GNRK1856', 'GNRK', 'SUSU ULTRA STROBERI 250 ML', '6000', '178'),
('GNRK1860', 'GNRK', 'POLYSILANE GRANUL TAB 60S', '47000', '270'),
('GNRK1865', 'GNRK', 'SEA Q DHA GOLD 200MG TAB 30S', '237000', '237'),
('GNRK1894', 'GNRK', 'GLIMEPIRIDE DEXA 3MG TAB', '2000', '57'),
('GNRK1902', 'GNRK', 'ALLOPURINOL IF 100MG TAB', '0', '155'),
('GNRK1904', 'GNRK', 'FENOFIBRATE MEDIKON 200MG TAB', '6000', '54'),
('GNRK1908', 'GNRK', 'FUROSEMIDE IF 40 MG TAB', '320000', '114'),
('GNRK1920', 'GNRK', 'ACYCLOVIR HEXPHARM 400MG TAB 50S', '903000', '28'),
('GNRK1935', 'GNRK', 'LIPROLAC SACH 2.5G', '9000', '72'),
('GNRK1960', 'GNRK', 'VICKS F44 ANAK SYR 54ML', '16000', '120'),
('GNRK1967', 'GNRK', 'TERMOREX SYR 60ML', '14000', '11'),
('GNRK197', 'GNRK', 'THIAMPHENICOL 250MG TAB', '0', '53'),
('GNRK1985', 'GNRK', 'NAPREX SIRUP 60ML', '55000', '60'),
('GNRK1986', 'GNRK', 'CURCUMA PLUS EMULSION JERUK 200 ML', '28000', '280'),
('GNRK1997', 'GNRK', 'CANDESARTAN DEXA 8MG TAB', '6000', '208'),
('GNRK2007', 'GNRK', 'HUFAGRIP SYR 60ML', '21000', '53'),
('GNRK2015', 'GNRK', 'SARI KURMA SAHARA', '28000', '26'),
('GNRK2028', 'GNRK', 'TEMPRA DROPS 15ML NEW PACK', '53000', '284'),
('GNRK2035', 'GNRK', 'CHLORAMPHENICOL SANBE 250MG TAB 100S', '0', '142'),
('GNRK2068', 'GNRK', 'PROPEPSA SYR 100ML STAWBERRY SUSPENSI', '82000', '114'),
('GNRK2090', 'GNRK', 'CEREBROFORT GOLD STRAWBERRY 100ML', '21000', '139'),
('GNRK2094', 'GNRK', 'ALLOPURINOL HEXPHARM 100MG TAB 100S', '282000', '95'),
('GNRK21', 'GNRK', 'MICONAZOLE CR 2% 10G', '5000', '47'),
('GNRK2120', 'GNRK', 'CEFADROXIL FORTE D.SYR 60ML 250MG/5ML', '0', '59'),
('GNRK2122', 'GNRK', 'CITICOLINE PROMED 500MG CAPL 30S', '5000', '48'),
('GNRK2137', 'GNRK', 'LACIDOFIL SACH 30S', '257000', '110'),
('GNRK2139', 'GNRK', 'RBM SUSU KAMBING ETAWA 25G SACH 10S', '67000', '150'),
('GNRK2164', 'GNRK', 'LACTO B SACH', '7000', '57'),
('GNRK2167', 'GNRK', 'ACYCLOVIR NOVELL 200MG TAB', '818000', '181'),
('GNRK2172', 'GNRK', 'PROPANOLOL DEXA 10MG TAB', '136000', '177'),
('GNRK2174', 'GNRK', 'FETAVITA TAB 100S', '111000', '280'),
('GNRK2190', 'GNRK', 'FITKOM GUMMY CALCIUM 4S', '19000', '261'),
('GNRK2201', 'GNRK', 'SAKATONIK ABC JERUK BTL', '16000', '119'),
('GNRK2203', 'GNRK', 'VEGEBLEND 21 JR BTL 30\\\'S', '133000', '170'),
('GNRK2206', 'GNRK', 'DIAPET ANAK 10ML SACH 6S', '1000', '296'),
('GNRK2222', 'GNRK', 'DECOUGH SY ANAK RASA STRAWBERRY 60ML', '23000', '57'),
('GNRK2226', 'GNRK', 'LYCALVIT TAB', '18000', '96'),
('GNRK2243', 'GNRK', 'PIRACETAM NOVELL 800MG TAB', '1000', '273'),
('GNRK2246', 'GNRK', 'VITABUMIN MADU ALBUMIN 130ML', '82000', '57'),
('GNRK2256', 'GNRK', 'IBUPROFEN 200MG TAB', '0', '278'),
('GNRK2268', 'GNRK', 'SANEXON 8MG TAB', '4000', '31'),
('GNRK2271', 'GNRK', 'PARACETAMOL IF 500MG TAB STR', '0', '144'),
('GNRK2274', 'GNRK', 'ANAKONIDIN OBH SYR 60ML', '14000', '50'),
('GNRK2282', 'GNRK', 'COTRIMOXAZOLE BERNO 960MG TAB 100S', '767000', '88'),
('GNRK2298', 'GNRK', 'SAKATONIK LIVER TABLET', '7000', '244'),
('GNRK2300', 'GNRK', 'NULACTA PLUS UNTUK IBU', '85000', '133'),
('GNRK2302', 'GNRK', 'PRORIS 200MG TAB', '1000', '94'),
('GNRK2308', 'GNRK', 'TRIAMINIC BATUK SYR', '72000', '197'),
('GNRK2311', 'GNRK', 'AMPICILLIN KF 500MG TAB', '823000', '243'),
('GNRK2335', 'GNRK', 'CEFIXIME HEXPHARM 100MG', '3000', '29'),
('GNRK2338', 'GNRK', 'CO AMOXICLAVE 625MG TAB', '0', '41'),
('GNRK2354', 'GNRK', 'FLUNARIZIN 5MG TAB 30S', '3000', '64'),
('GNRK2360', 'GNRK', 'SANMOL DROP 15ML 60MG/0.6ML', '21000', '255'),
('GNRK2368', 'GNRK', 'L-BIO 30 SACH', '9000', '170'),
('GNRK2381', 'GNRK', 'APIALYS SYRUP 100ML', '45000', '73'),
('GNRK2384', 'GNRK', 'KOMIX G FORM KID STRAWBERY SACH 10S', '1000', '32'),
('GNRK2389', 'GNRK', 'ACYCLOVIR CR 5% 5G', '5000', '260'),
('GNRK24', 'GNRK', 'BETAHISTIN 6MG TAB', '1000', '201'),
('GNRK2407', 'GNRK', 'AMOXICILLIN IF 500MG', '587000', '241'),
('GNRK2410', 'GNRK', 'DULCOLAX SUPP CHILD 6\\\'S', '125000', '118'),
('GNRK2416', 'GNRK', 'CEFADROXIL NOVELL F 250MG/5ML D SYR 60ML', '0', '289'),
('GNRK2442', 'GNRK', 'IBU DAN ANAK OBAT BATUK 150ML', '49000', '265'),
('GNRK245', 'GNRK', 'ANTALGIN KF 500MG TAB', '483000', '9'),
('GNRK2456', 'GNRK', 'GEMFIBROZIL IF 300MG TAB 120S', '591000', '245'),
('GNRK2457', 'GNRK', 'ACYCLOVIR DEXA 400MG TAB 50S', '910000', '22'),
('GNRK2467', 'GNRK', 'ASAM MEFENAMAT HEXPHARM 500MG', '453000', '54'),
('GNRK2475', 'GNRK', 'OBH COMBI ANAK BATUK FLU RASA JERUK 60ML', '15000', '238'),
('GNRK2488', 'GNRK', 'LISINOPRIL 10MG TAB NOVELL', '782000', '187'),
('GNRK2497', 'GNRK', 'THIAMPHENICOL 250MG TAB', '0', '269'),
('GNRK2502', 'GNRK', 'BIOLYSIN SMART SYR 60 ML', '15000', '52'),
('GNRK2503', 'GNRK', 'ALLOPURINOL BERNO 300MG TAB', '705000', '18'),
('GNRK2508', 'GNRK', 'ACYCLOVIR NOVELL 400MG TAB', '967000', '298'),
('GNRK2530', 'GNRK', 'LANCAR ASI TAB', '57000', '75'),
('GNRK2533', 'GNRK', 'CHLORAMPHENICOL PHAROS 250MG TAB', '0', '130'),
('GNRK2550', 'GNRK', 'ANTANGIN CAIR JUNIOR HONEY MINT SACH 5S', '11000', '104'),
('GNRK2551', 'GNRK', 'ACYCLOVIR DEXA 400MG TAB 50S', '910000', '185'),
('GNRK2553', 'GNRK', 'SARI KURMA SAHARA', '28000', '238'),
('GNRK2558', 'GNRK', 'CAPTOPRIL IF 50MG TAB', '346000', '170'),
('GNRK2576', 'GNRK', 'ACETYLCYSTEINE NOVELL 200MG CAP', '1000', '102'),
('GNRK2584', 'GNRK', 'PIMTRACOL PLUS LEMON SYR 60ML (BIRU) (P)', '15000', '164'),
('GNRK2594', 'GNRK', 'ESFOLAT TAB', '38000', '22'),
('GNRK26', 'GNRK', 'TEMPRA SYR 60ML', '44000', '223'),
('GNRK2620', 'GNRK', 'OFLOXACIN 200MG TAB NOVELL', '822000', '226'),
('GNRK2630', 'GNRK', 'CITICOLIN BERNO 1000MG TAB', '17000', '56'),
('GNRK2639', 'GNRK', 'OBH COMBI ANAK BATUK FLU MADU 60ML', '15000', '88'),
('GNRK2678', 'GNRK', 'ZINKID 10MG/5ML SYR 100ML', '37000', '128'),
('GNRK2691', 'GNRK', 'TEMPRA DROPS 15ML NEW PACK', '53000', '74'),
('GNRK2706', 'GNRK', 'AMLODIPINE IF 10MG TAB', '2000', '229'),
('GNRK2707', 'GNRK', 'CEFADROXIL NOVELL F 250MG/5ML D SYR 60ML', '0', '34'),
('GNRK271', 'GNRK', 'AMOXICILLIN BERNO 500MG TAB 100S', '1000', '16'),
('GNRK2784', 'GNRK', 'SAKATONIK ABC ANTARIKSA 30S BTL', '16000', '186'),
('GNRK2800', 'GNRK', 'SANEXON 16MG TAB 30S', '7000', '39'),
('GNRK2806', 'GNRK', 'VOMITAS FDT TAB 50S', '5000', '291'),
('GNRK2811', 'GNRK', 'CLOPIDOGREL DEXA 75MG TAB', '12000', '30'),
('GNRK2814', 'GNRK', 'ATORVASTATIN PRATAPA NIRMALA 20MG TAB 30S', '5000', '219'),
('GNRK2827', 'GNRK', 'NONEMI TAB 100S', '22000', '41'),
('GNRK2833', 'GNRK', 'BODREXIN FLU&BATUK BERDAHAK SYR 56ML', '11000', '286'),
('GNRK2846', 'GNRK', 'PARACETAMOL KIMIA FARMA 500MG', '0', '130'),
('GNRK2866', 'GNRK', 'TENACE 10MG', '0', '191'),
('GNRK2869', 'GNRK', 'ULTRAMILK CAIR MOCCA KOTAK 250ML', '5000', '247'),
('GNRK2876', 'GNRK', 'OFLOXACIN 400MG TAB NOVELL', '1000', '269'),
('GNRK2878', 'GNRK', 'ANAKONIDIN OBH SYR 30ML', '8000', '130'),
('GNRK2884', 'GNRK', 'VIACLAV 500MG', '0', '246'),
('GNRK2887', 'GNRK', 'PIGEON BREAST PAD 12S', '30000', '149'),
('GNRK2915', 'GNRK', 'CLONIDINE IF 0,15MG TAB', '359000', '282'),
('GNRK2916', 'GNRK', 'CITOCETIN SYR 60ML', '14000', '20'),
('GNRK2931', 'GNRK', 'BIOLYSIN KIDS TAB STRAWBERRY 30\\\'S', '15000', '109'),
('GNRK2935', 'GNRK', 'SAKATONIK ABC STRAW BOTOL', '16000', '247'),
('GNRK2943', 'GNRK', 'PARACETAMOL SYR 120MG/5ML', '0', '231'),
('GNRK2951', 'GNRK', 'CIMETIDINE KF 200MG TAB', '423000', '157'),
('GNRK2953', 'GNRK', 'ASAM MEFENAMAT BERNO 500MG', '0', '288'),
('GNRK2955', 'GNRK', 'ACYCLOVIR IF 400MG TAB 100S', '1000', '49'),
('GNRK2957', 'GNRK', 'AMBROXOL BERNOFARM 30MG/5ML SYR 60ML', '0', '106'),
('GNRK2961', 'GNRK', 'OTTOPAN DROP', '37000', '229'),
('GNRK297', 'GNRK', 'FOLAMIL GENIO', '149000', '109'),
('GNRK2970', 'GNRK', 'BISOPROLOL FUMARATE PRATAPA 5MG TAB 30S', '0', '131'),
('GNRK2974', 'GNRK', 'HUFAGRIP BP SYR \\xc2\\xa060ML', '20000', '33'),
('GNRK2977', 'GNRK', 'CAVIPLEX SYR 60ML', '10000', '63'),
('GNRK298', 'GNRK', 'FLUCONAZOLE KF 150MG CAP', '30000', '34'),
('GNRK2983', 'GNRK', 'CAPTOPRIL ERRITA 25MG TAB 100S', '173000', '271'),
('GNRK2984', 'GNRK', 'KALZANA D TAB STR', '10000', '99'),
('GNRK2985', 'GNRK', 'FENAMIN 500MG TAB 100S', '489000', '217'),
('GNRK2987', 'GNRK', 'VICKS F44 ANAK SYRUP 27ML', '8000', '79'),
('GNRK2997', 'GNRK', 'CEFIXIME 100MG CAP', '3000', '289'),
('GNRK2999', 'GNRK', 'NORIT LANG DOS', '18000', '53'),
('GNRK301', 'GNRK', 'BIOLYSIN KIDS TAB JERUK 30\\\'S', '15000', '177'),
('GNRK306', 'GNRK', 'ANTIMO ANAK SYR RASA JERUK 5ML', '14000', '126'),
('GNRK320', 'GNRK', 'SAKATONIK ABC ANGGUR BTL', '16000', '133'),
('GNRK324', 'GNRK', 'CETIRIZINE 10MG TAB NOVELL', '537000', '22'),
('GNRK352', 'GNRK', 'AMOXICILLIN HEXPHARM 500MG TAB', '517000', '68'),
('GNRK371', 'GNRK', 'INZANA TAB STRIP 25S', '1000', '185'),
('GNRK374', 'GNRK', 'AMBROXOL SYR 60ML 15MG/5ML', '6000', '201'),
('GNRK376', 'GNRK', 'AMLODIPINE HEXPHARM 10MG TAB 100S', '1000', '186'),
('GNRK39', 'GNRK', 'CHLORAMPHENICOL SANBE 250MG TAB 100S', '0', '262'),
('GNRK403', 'GNRK', 'GLIMEPIRIDE DEXA 4MG', '3000', '51'),
('GNRK409', 'GNRK', 'GLIBENCLAMIDE INDOFARMA 5MG TAB', '219000', '74'),
('GNRK416', 'GNRK', 'PROCALMA CAPSUL', '51000', '143'),
('GNRK46', 'GNRK', 'GLIMEPIRIDE HEXPHARM 1MG TAB', '655000', '32'),
('GNRK47', 'GNRK', 'NULACTA UNTUK IBU', '70000', '204'),
('GNRK471', 'GNRK', 'FOLAMIL GOLD TAB 30S', '181000', '160'),
('GNRK472', 'GNRK', 'OTTOPAN DROP', '37000', '221'),
('GNRK509', 'GNRK', 'CEFADROXIL IF D.SYR 60ML 125MG/5ML', '0', '80'),
('GNRK511', 'GNRK', 'TENACE 10MG', '0', '265'),
('GNRK53', 'GNRK', 'IBU DAN ANAK OBAT BATUK 150ML', '49000', '143'),
('GNRK54', 'GNRK', 'IBU DAN ANAK OBAT BATUK 300ML', '73000', '56'),
('GNRK559', 'GNRK', 'GUANISTREP SYR SUSPENSI 60 ML', '8000', '49'),
('GNRK568', 'GNRK', 'PRENATIN DF TAB', '38000', '176'),
('GNRK577', 'GNRK', 'SUSU ULTRA STRAWBERRY 200 ML', '5000', '77'),
('GNRK580', 'GNRK', 'SIMVASTATIN KF 10MG TAB', '658000', '42'),
('GNRK593', 'GNRK', 'GLYCERIL GUAIACOLAS NOVA 100MG TAB 1000S', '269000', '230'),
('GNRK602', 'GNRK', 'PIGEON BREAST PADS HONEYCOMB 36S', '64000', '206'),
('GNRK607', 'GNRK', 'ITRAMOL SYR 60 ML', '6000', '180'),
('GNRK61', 'GNRK', 'INTERZINC 20MG TAB 10S', '54000', '109'),
('GNRK610', 'GNRK', 'CEFADROXIL BERNO 500MG CAP', '1000', '74'),
('GNRK613', 'GNRK', 'ANTIMO ANAK SYR STRAWBERY 5ML', '14000', '224'),
('GNRK641', 'GNRK', 'CEFADROXIL IF D.SYR 60ML 125MG/5ML', '0', '219'),
('GNRK644', 'GNRK', 'KETOCONAZOLE DEXA 2% CR 10G', '9000', '221'),
('GNRK649', 'GNRK', 'CEFIXIME NOVEL 200MG TAB 50S', '5000', '33'),
('GNRK652', 'GNRK', 'CIPROFLOXACIN BERNO 500MG TAB 100S', '1000', '184'),
('GNRK656', 'GNRK', 'YUSIMOX 500MG CAP 100S', '770000', '254'),
('GNRK658', 'GNRK', 'SANGOBION KIDS SYR 100ML', '32000', '123'),
('GNRK676', 'GNRK', 'BISOPROLOL FUMARATE 5MG TAB NOVELL', '711000', '60'),
('GNRK680', 'GNRK', 'PARACETAMOL ITRASAL 120MG/5ML SYR 60ML', '0', '92'),
('GNRK689', 'GNRK', 'BLACKMORES PREGNANCY BREAST FEED GOLD SOFTCAP 60S', '200000', '224'),
('GNRK706', 'GNRK', 'FOLIC ACID FM 1MG TAB 100S', '2000', '146'),
('GNRK732', 'GNRK', 'AMBROXOL BERNOFARM 30MG/5ML SYR 60ML', '0', '103'),
('GNRK739', 'GNRK', 'IBU DAN ANAK OBAT BATUK 75ML', '27000', '241'),
('GNRK743', 'GNRK', 'FUROSEMIDE FM 40MG', '278000', '286'),
('GNRK753', 'GNRK', 'CEFIXIME 200MG CAP', '6000', '260'),
('GNRK768', 'GNRK', 'PRAXION FORTE SYR 250MG/5ML', '36000', '88'),
('GNRK778', 'GNRK', 'SIMVASTATIN DEXA 10MG TAB', '680000', '234'),
('GNRK783', 'GNRK', 'CAPTOPRIL IF 25MG TAB', '288000', '300'),
('GNRK785', 'GNRK', 'PARACETAMOL IF 500MG TAB STR', '0', '148'),
('GNRK813', 'GNRK', 'KOOL FEVER', '8000', '50'),
('GNRK820', 'GNRK', 'PRAXION SYR 120MG/5ML', '31000', '198'),
('GNRK836', 'GNRK', 'CEFIXIME DEXA DRY SYR 30ML 100MG/5ML', '0', '44'),
('GNRK837', 'GNRK', 'TOLAK ANGIN CAIR ANAK', '29000', '199'),
('GNRK838', 'GNRK', 'PIRACETAM DEXA 800MG', '1000', '51'),
('GNRK870', 'GNRK', 'FOLAVICAP 1000MCG TAB 100S', '2000', '13'),
('GNRK877', 'GNRK', 'PROPANOLOL DEXA 40MG TAB', '199000', '49'),
('GNRK887', 'GNRK', 'BLACKMORES PREGNANCY BREAST FEED GOLD SOFTCAP 60S', '200000', '99'),
('GNRK893', 'GNRK', 'TRANSPULMIN KIDS BALSAM 20G', '79000', '231'),
('GNRK896', 'GNRK', 'PROTEXIN INFANT SACH', '18000', '213'),
('GNRK907', 'GNRK', 'AMLODIPINE IF 5MG TAB', '1000', '52'),
('GNRK909', 'GNRK', 'LASAL EXP SYR 100ML', '53000', '115'),
('GNRK910', 'GNRK', 'IBUPROFEN 200MG TAB', '0', '24'),
('GNRK924', 'GNRK', 'ANAKONIDIN SYR 60ML', '13000', '93'),
('GNRK926', 'GNRK', 'AMLODIPINE DEXA 5MG', '1000', '278'),
('GNRK931', 'GNRK', 'BIOLYSIN KIDS TAB BLACKCURANT 30\\\'S', '15000', '242'),
('GNRK948', 'GNRK', 'CEFADROXIL FORTE D.SYR 60ML 250MG/5ML', '0', '100'),
('GNRK950', 'GNRK', 'SIMVASTATIN DEXA 20MG TAB 50S', '0', '293'),
('GNRK951', 'GNRK', 'RIFAMPICIN 600MG TAB', '0', '215'),
('GNRK990', 'GNRK', 'GLYCERIL GUAIACOLAS FM 100MG TAB 1000S', '191000', '49'),
('PRA1024', 'PRA', 'SUTRA RAMUAN MADURA 12S', '0', '243'),
('PRA1037', 'PRA', 'NATUR PLUS PROST ACTIN', '0', '254'),
('PRA1158', 'PRA', 'DUREX TOGETHER 3\\\'S', '18000', '165'),
('PRA1165', 'PRA', 'PROFERTIL 50MG TAB', '22000', '100'),
('PRA1236', 'PRA', 'SAGAMI ORIGINAL L 12S', '0', '8'),
('PRA1269', 'PRA', 'MERIT GOLD CAP 60S', '0', '78'),
('PRA1330', 'PRA', 'DUODART 500MCG/400MCG CAPS 30S', '0', '7'),
('PRA141', 'PRA', 'URINAL PRIA STEINLES', '0', '84'),
('PRA1439', 'PRA', 'RAUDHOH PURWOCENG', '0', '31'),
('PRA1440', 'PRA', '(STARFER) TORREX CAP 90S', '0', '83'),
('PRA1451', 'PRA', 'DUREX TINGLE 3S', '0', '187'),
('PRA146', 'PRA', 'TRIPOTE CAP', '0', '151'),
('PRA149', 'PRA', 'WELLNESS TRIBULUS CAP 30\\\'S', '250000', '100'),
('PRA1563', 'PRA', 'DUREX COMFORT 3S', '18000', '103'),
('PRA1581', 'PRA', 'KOPI TONGKAT ALI SACH 25GR', '0', '55'),
('PRA1591', 'PRA', 'AL MABRUROH EURY X MADU GINSENG PASAK BUMI 350ML', '0', '282'),
('PRA1660', 'PRA', 'FIESTA INTIMATE STRAWBERRY LUBRICANT GEL 50ML', '0', '229'),
('PRA1680', 'PRA', 'WARDAH ROLL ON FOR HIM 60ML', '0', '77'),
('PRA1681', 'PRA', 'DUREX EXTRA SAFE 12\\\'S', '74000', '20'),
('PRA1687', 'PRA', 'KOBELLON CAP 20S', '208000', '20'),
('PRA1688', 'PRA', 'KY JELLY PERSONAL LUBRICANT 50G', '0', '299'),
('PRA1689', 'PRA', 'SEA Q DHEXTION CAP 60S', '0', '265'),
('PRA1724', 'PRA', 'SUTRA KONDOM 3S', '7000', '39'),
('PRA1779', 'PRA', 'DUREX CLOSE FIT 3S', '18000', '155'),
('PRA1848', 'PRA', 'TISSUE SUPERMAGIC MAN AROMA CASANOVA', '13000', '8'),
('PRA1850', 'PRA', 'FOREDI GEL SACH 3S', '270000', '206'),
('PRA1862', 'PRA', 'DUREX EXT SAFE 3S', '23000', '276'),
('PRA1869', 'PRA', 'GILLETE GOAL', '0', '274'),
('PRA1873', 'PRA', 'MAKARIZO HAIR ENRG SCNTS MRNG DEW 100ML', '0', '256'),
('PRA1892', 'PRA', 'URINAL PRIA+TUTUP', '0', '237'),
('PRA1897', 'PRA', 'METROLET 250MG TAB 100S', '0', '94'),
('PRA1906', 'PRA', 'EPIMAXX CAP 2S', '20000', '208'),
('PRA1907', 'PRA', 'HEMAVITON ACTION 5S CAP', '7000', '149'),
('PRA1909', 'PRA', 'GENOCLOM 50MG', '0', '161'),
('PRA1916', 'PRA', 'SEA Q MAXTION CP 60\\\'S', '0', '68'),
('PRA1923', 'PRA', 'MAKARIZO HAIR ENRG SCNTS OCEAN BRZE 30ML', '0', '258'),
('PRA1973', 'PRA', 'DUREX PLAY 50ML TOP GEL', '0', '111'),
('PRA2041', 'PRA', 'SUTRA OK KONDOM 12\\\'S', '34000', '27'),
('PRA2047', 'PRA', 'FIESTA INTIMATE NATURAL LUBRICANT GEL 50ML', '0', '100'),
('PRA2056', 'PRA', 'SUTRA RAMUAN MADURA 3\\\'S', '7000', '236'),
('PRA2093', 'PRA', 'DUREX TOGETHER 12\\\'S', '0', '215'),
('PRA2177', 'PRA', 'DUREX PERFORMA 3S', '29000', '155'),
('PRA2182', 'PRA', 'SUTRA PERKASA CAP 2S', '17000', '19'),
('PRA2191', 'PRA', 'SEA Q HAIR NUTRITION TAB 30S', '0', '206'),
('PRA2243', 'PRA', 'DUREX PLEASUREMAX 3S', '28000', '128'),
('PRA2260', 'PRA', 'X GRA TAB 10\\\'S/STR', '0', '97'),
('PRA2293', 'PRA', 'URINAL PRIA', '15000', '16'),
('PRA2305', 'PRA', 'OSTEOCARE FORTE D3 TAB 30S', '0', '107'),
('PRA2386', 'PRA', 'NEO HORMOVITON TAB 50\\\'S', '7000', '212'),
('PRA2388', 'PRA', 'MBK POWDER PUTIH', '2000', '33'),
('PRA2390', 'PRA', 'DUURZAAM 0.5G SACH 3S', '0', '170'),
('PRA2421', 'PRA', 'NUMEN-Z TAB 20S', '0', '290'),
('PRA2439', 'PRA', 'SENSITIF VIVO PASSIONATE DOTS', '0', '30'),
('PRA2447', 'PRA', 'FIESTA BAGGY 3S', '0', '155'),
('PRA2452', 'PRA', 'SRONG PAS CAP 2S', '2000', '244'),
('PRA2455', 'PRA', 'OSTEOCARE TAB', '31000', '200'),
('PRA2461', 'PRA', 'EVER ESSENTIA SOFTCAP 12S', '123000', '249'),
('PRA2464', 'PRA', 'DARSI CAP 12S/DOS', '19000', '82'),
('PRA2468', 'PRA', 'SUTRA KONDOM 12S', '23000', '284'),
('PRA251', 'PRA', 'OLIGOCARE', '58000', '243'),
('PRA2525', 'PRA', 'BIOSAN TABLET 6S', '112000', '92'),
('PRA255', 'PRA', 'FIESTA NEON 3S', '0', '240'),
('PRA2551', 'PRA', 'URIEF 4MG TAB 100S', '8000', '202'),
('PRA2583', 'PRA', 'DUREX RIBBED 3S', '23000', '21'),
('PRA2600', 'PRA', 'ANLENE ACTIFIT COKELAT 250GR', '0', '46'),
('PRA2610', 'PRA', 'SAGAMI SX DOTTED 10S', '0', '134'),
('PRA2640', 'PRA', 'SEA QUILL OSTEOCAL 60S', '450000', '146'),
('PRA2650', 'PRA', 'JENNY URINAL PRIA+TUTUP', '0', '192'),
('PRA2696', 'PRA', 'SUTRA OK KONDOM 3\\\'S', '10000', '132'),
('PRA2704', 'PRA', 'PISPOT PLASTIK BIRU KECIL', '0', '42'),
('PRA2726', 'PRA', 'WISH PRO LQ CAP 30S', '272000', '44'),
('PRA2744', 'PRA', 'FIESTA LUBRICANT GEL 70G', '0', '150'),
('PRA2777', 'PRA', 'FIESTA MAX DOTTED 3S', '14000', '71'),
('PRA2793', 'PRA', 'SENSITIF VIVO EXTRA SENSATION', '0', '80'),
('PRA2847', 'PRA', 'PROSTAM SR TAB 30S', '16000', '119'),
('PRA2966', 'PRA', 'ON NERGY CAP (2 BOTOL)', '516000', '96'),
('PRA373', 'PRA', 'SAGAMI SX DOTTED 3S', '0', '68'),
('PRA390', 'PRA', 'AZOL 200MG TAB', '0', '248'),
('PRA425', 'PRA', 'SUTRA KONDOM 24\\\'S', '42000', '287'),
('PRA438', 'PRA', 'JAGUAR', '17000', '128'),
('PRA480', 'PRA', 'FIESTA LUBRICANT 70ML', '0', '224'),
('PRA501', 'PRA', 'FINPRO 5MG TAB', '0', '297'),
('PRA530', 'PRA', 'SENSITIF VIVO PLEASURE RIBBED', '0', '138'),
('PRA547', 'PRA', 'DIASULIN CAP 60S', '0', '200'),
('PRA566', 'PRA', 'MANDOM BODY SPRAY PERFUME WISE KLG 75ML', '0', '22'),
('PRA567', 'PRA', 'VITAN 250MG TAB 20S', '67000', '220'),
('PRA577', 'PRA', 'TENLUNG RAMBUT PRIA DAN WANITA TAB 30S', '0', '154'),
('PRA588', 'PRA', 'SEA Q VIT E-400 IU', '406000', '132'),
('PRA602', 'PRA', 'TRISTAN TAB 28S', '0', '251'),
('PRA617', 'PRA', 'TISSUE SUPER MAGIC MAN', '13000', '223'),
('PRA648', 'PRA', 'CALDANA FLEX TAB 30S', '20000', '14'),
('PRA654', 'PRA', 'DIPTHEN 50MG TAB', '16000', '196'),
('PRA753', 'PRA', 'URINAL PRIA WANITA JENNY', '0', '63'),
('PRA781', 'PRA', 'VIVO SENSITIF ULTRATHIN', '0', '235'),
('PRA869', 'PRA', 'WELLNESS JOINT FORMULA 30\\\'S', '0', '234'),
('PRA908', 'PRA', 'SAGAMI ORIGINAL OO2 12S', '0', '162'),
('PRA926', 'PRA', 'ANLENE ACTIFIT VANILA 250GR', '0', '120'),
('PRA968', 'PRA', 'SIDOMUNCUL PELANGSING PERUT 70G', '0', '134'),
('SPLMN100', 'SPLMN', 'SANGOBION FEM MENSTRUPAIN 4S', '12000', '67'),
('SPLMN1010', 'SPLMN', 'NUTRAFOR BALANCE CAP 60S', '35000', '69'),
('SPLMN1052', 'SPLMN', 'NU ENAT CAP', '85000', '207'),
('SPLMN106', 'SPLMN', 'CORMEGA SOFT CAP 30S STRIP', '164000', '80'),
('SPLMN1067', 'SPLMN', 'OB HERBAL 100ML', '21000', '183'),
('SPLMN1069', 'SPLMN', 'KULDON SARIAWAN TAB 4S', '2000', '40'),
('SPLMN1071', 'SPLMN', 'NOROS 1MG TAB', '77000', '14'),
('SPLMN1078', 'SPLMN', 'MJS NATURE BATSARIA 20G', '21000', '126'),
('SPLMN1099', 'SPLMN', 'GILOBA SOFT CAP 30S', '56000', '56'),
('SPLMN1110', 'SPLMN', 'OSTEOR CAP 30S', '54000', '254'),
('SPLMN1111', 'SPLMN', 'ELKANA TAB', '11000', '98'),
('SPLMN1120', 'SPLMN', 'PROMAVIT TAB', '44000', '187'),
('SPLMN1175', 'SPLMN', 'VERMINT FORTE CAP 30S', '122000', '291'),
('SPLMN1180', 'SPLMN', 'KOMIX HERBAL TUBE 4S', '9000', '149'),
('SPLMN1193', 'SPLMN', 'GOLD G SEA CUCUMBER JELLY 320ML', '180000', '59'),
('SPLMN1195', 'SPLMN', 'SEA Q SELENIUM ACE DOS 30 S', '332000', '128'),
('SPLMN1199', 'SPLMN', 'BIOCALCI 72 TAB 30S', '83000', '289'),
('SPLMN1205', 'SPLMN', 'EZYGARD FORTE TAB', '83000', '122'),
('SPLMN1207', 'SPLMN', 'PEHAVRAL TAB 10\\\'S', '11000', '49'),
('SPLMN1218', 'SPLMN', 'VITACHOL CAP 50S', '77000', '123'),
('SPLMN122', 'SPLMN', 'NATURE PLUS VITAMIN D3 400IU', '268000', '6'),
('SPLMN1224', 'SPLMN', 'GOOD LIFE PROLIVER 30 TAB', '40000', '67'),
('SPLMN1232', 'SPLMN', 'KONILIFE LIVERGARD TAB 30S', '139000', '173'),
('SPLMN124', 'SPLMN', 'HP PRO 120 CAP', '72000', '254'),
('SPLMN1243', 'SPLMN', 'RETIVIT TAB', '50000', '5'),
('SPLMN1246', 'SPLMN', 'BAMBOO FOOT PATCH GOLD', '15000', '29'),
('SPLMN1250', 'SPLMN', 'DISOLF TAB', '56000', '19'),
('SPLMN1254', 'SPLMN', 'IBU DAN ANAK OBAT BATUK 75ML', '27000', '52'),
('SPLMN1256', 'SPLMN', 'ENATIN CAP', '20000', '269'),
('SPLMN1260', 'SPLMN', 'RAPET WANGI CAP', '10000', '108'),
('SPLMN1261', 'SPLMN', 'AVAIL BEAUTY DAY USE (BIRU)', '37000', '43'),
('SPLMN1263', 'SPLMN', 'TRANSPULMIN BB 10G', '54000', '220'),
('SPLMN1270', 'SPLMN', 'IBU DAN ANAK OBAT BATUK 150ML', '49000', '52'),
('SPLMN1274', 'SPLMN', 'LELAP TAB STR 4\\\'S', '13000', '182'),
('SPLMN1275', 'SPLMN', 'LO HAN KUO INFUSION', '36000', '216'),
('SPLMN128', 'SPLMN', 'ACE MAX 350ML', '236000', '196'),
('SPLMN1280', 'SPLMN', 'FOLAVICAP 1000MCG TAB 100S', '2000', '248'),
('SPLMN1285', 'SPLMN', 'MILMOR TAB', '3000', '108'),
('SPLMN129', 'SPLMN', 'MILMOR TAB', '3000', '44'),
('SPLMN1330', 'SPLMN', 'PERMEN OB HERBAL PELEGA TENGGOROKAN', '1000', '188'),
('SPLMN1335', 'SPLMN', 'SCOTTS EMULS ORIG 400ML', '66000', '299'),
('SPLMN1339', 'SPLMN', 'BIOCALCI 72 TAB 4S STRIP 12S', '12000', '251'),
('SPLMN1344', 'SPLMN', 'ANTANGIN CAIR JUNIOR HONEY MINT SACH 5S', '11000', '136'),
('SPLMN1350', 'SPLMN', 'ASEPSO CLEAN SOAP 85G', '7000', '13'),
('SPLMN1361', 'SPLMN', 'BINTANG TOEDJOE 15ML 4S', '7000', '275'),
('SPLMN1365', 'SPLMN', 'WELLNESS OMEGA 3 FISH OIL TAB 150S', '379000', '249'),
('SPLMN1375', 'SPLMN', 'SARI KURMA AL JAZIRA 360G', '43000', '289'),
('SPLMN1376', 'SPLMN', 'OSTEOR PLUS CAP ', '59000', '66'),
('SPLMN1397', 'SPLMN', 'LESICHOL 175MG CAP 100S', '85000', '6'),
('SPLMN140', 'SPLMN', 'NUTRAFOR CHOL', '170000', '288'),
('SPLMN1401', 'SPLMN', 'GINSOMIN CAP STR 30S', '42000', '131'),
('SPLMN142', 'SPLMN', 'NOURISH BEAUTY CARE ACNE GEL 10ML', '43000', '41'),
('SPLMN1435', 'SPLMN', 'VEGEBLEND 21 JR BTL 30\\\'S', '133000', '216'),
('SPLMN144', 'SPLMN', 'GLOW COLLAGEN SACH 30S', '177000', '107'),
('SPLMN1452', 'SPLMN', 'VEGEBLEND 21 JR BTL 30\\\'S', '133000', '245'),
('SPLMN1468', 'SPLMN', 'DECOUGH SY ANAK RASA STRAWBERRY 60ML', '23000', '60'),
('SPLMN147', 'SPLMN', 'LIKURMIN 100ML SYR', '60000', '151'),
('SPLMN1475', 'SPLMN', 'TRANSPULMIN BABY BALSAM 20G', '78000', '142'),
('SPLMN148', 'SPLMN', 'DUREX PLEASUREMAX 3S', '28000', '138'),
('SPLMN1485', 'SPLMN', 'FROZZ ORIG MINT (BIRU TUA)', '8000', '248'),
('SPLMN15', 'SPLMN', 'AMBEVEN CAP 10S/STR', '18000', '241'),
('SPLMN1502', 'SPLMN', 'CALOMA PLUS CAP', '37000', '281'),
('SPLMN1508', 'SPLMN', 'PROMAG GAZERO SACH 6S', '13000', '195'),
('SPLMN1510', 'SPLMN', 'LESICHOL 600MG SOFT CAP', '125000', '76'),
('SPLMN1513', 'SPLMN', 'SUPRAVIT TAB 60S BTL', '38000', '256'),
('SPLMN1521', 'SPLMN', 'NUTRAFOR CHOL TAB 20S', '32000', '26'),
('SPLMN1525', 'SPLMN', 'PROLACTA PLUS DHA MOTHER 10\\\'S', '63000', '267'),
('SPLMN1535', 'SPLMN', 'BIOVISION STRIP 10\\\'S', '33000', '204'),
('SPLMN1552', 'SPLMN', 'AL-BIGURAA BOTOL 50 TAB', '73000', '100'),
('SPLMN1553', 'SPLMN', 'HEPA-Q', '37000', '229'),
('SPLMN1556', 'SPLMN', 'IBERET FOLIC 500 TAB', '46000', '180'),
('SPLMN1557', 'SPLMN', 'HEMORID CAP', '49000', '258'),
('SPLMN1559', 'SPLMN', 'MATOVIT FIFTY TAB 30\\\'S/DOS', '61000', '273'),
('SPLMN1563', 'SPLMN', 'SEA Q OMEGA 3 60S DOS', '263000', '57'),
('SPLMN1566', 'SPLMN', 'GARLIC OIL CAP 60S', '45000', '91'),
('SPLMN1568', 'SPLMN', 'BIOSAN TABLET 6S', '112000', '173'),
('SPLMN1594', 'SPLMN', 'PACEKAP 10\\\'S/STR', '28000', '93'),
('SPLMN1621', 'SPLMN', 'OPTIMAX TAB', '50000', '169'),
('SPLMN1623', 'SPLMN', 'H2 CORDYCEPS MILITARIS CAP 30S', '282000', '222'),
('SPLMN1624', 'SPLMN', 'KONILIFE REDAXIN TAB 30S', '105000', '275'),
('SPLMN1641', 'SPLMN', 'DE COUGH SYR 60ML', '30000', '297'),
('SPLMN1644', 'SPLMN', 'EM KAPSUL 12S', '19000', '59'),
('SPLMN1655', 'SPLMN', 'SAKATONIK LIVER TABLET', '7000', '205'),
('SPLMN1657', 'SPLMN', 'BINTANG 7 MASUK ANGIN JAHE MERAH SACH', '14000', '214'),
('SPLMN1664', 'SPLMN', 'NEUROCHOL CAP', '87000', '24'),
('SPLMN1666', 'SPLMN', 'MECOLA TAB', '32000', '290'),
('SPLMN167', 'SPLMN', 'ENTROSTOP HERBAL ANAK SACH 6S', '2000', '231'),
('SPLMN1673', 'SPLMN', 'VEGEBLEND 21 JR BTL 30\\\'S', '133000', '46'),
('SPLMN1697', 'SPLMN', 'MERIT PIL 21S', '14000', '64'),
('SPLMN1698', 'SPLMN', 'BERSIH DARAH KEMBANG BULAN', '16000', '265'),
('SPLMN1699', 'SPLMN', 'MELIA PROPOLIS 6ML', '90000', '103'),
('SPLMN1709', 'SPLMN', 'FEROFORT TAB', '23000', '168'),
('SPLMN1715', 'SPLMN', 'LASERIN SYR 60ML', '11000', '197'),
('SPLMN1724', 'SPLMN', 'KONILIFE LIVERGARD TAB 30S', '139000', '141'),
('SPLMN1725', 'SPLMN', 'FOLAVICAP 400MCG TAB 100S', '1000', '217'),
('SPLMN1729', 'SPLMN', 'SEA Q DHA GOLD 200MG TAB 30S', '237000', '143'),
('SPLMN1742', 'SPLMN', 'OSSORAL 800', '5000', '54'),
('SPLMN1747', 'SPLMN', 'RIVILITE CAP 30S', '186000', '16'),
('SPLMN1754', 'SPLMN', 'JAGUAR', '17000', '133'),
('SPLMN1775', 'SPLMN', 'MASTIN 550MG CAP 30S', '32000', '276'),
('SPLMN1783', 'SPLMN', 'GHENSEN GINJAL SEAHORSE 500MG TAB 100S', '52000', '216'),
('SPLMN1794', 'SPLMN', 'ALA 600MG', '53000', '144'),
('SPLMN1800', 'SPLMN', 'CAPROLIV TAB 60S', '66000', '124'),
('SPLMN181', 'SPLMN', 'MILMOR NF', '31000', '199'),
('SPLMN1856', 'SPLMN', 'KOMIX HERBAL LEMON TUBE 4S', '8000', '123'),
('SPLMN1871', 'SPLMN', 'HEMAFORT TAB', '10000', '16'),
('SPLMN1880', 'SPLMN', 'HEPABALANCE TAB', '100000', '148'),
('SPLMN1883', 'SPLMN', 'EPIMAXX CAP 2S', '20000', '53'),
('SPLMN1884', 'SPLMN', 'G-BUMIN CAP 30S', '118000', '175'),
('SPLMN1885', 'SPLMN', 'DIAPET CAP STR 4\\\'S', '2000', '251'),
('SPLMN189', 'SPLMN', 'SAKATONIK ABC STRAW BOTOL', '16000', '119'),
('SPLMN1891', 'SPLMN', 'SEA Q OMEGA 3 100S DOS', '415000', '148'),
('SPLMN1900', 'SPLMN', 'NOCID CAP', '85000', '109'),
('SPLMN1908', 'SPLMN', 'ONOIWA CAP 30S', '245000', '261'),
('SPLMN1914', 'SPLMN', 'VITABUMIN MADU ALBUMIN 130ML', '82000', '44'),
('SPLMN1915', 'SPLMN', 'WELLNESS CALCIUM CITRATE CAP 60\\\'S', '210000', '39'),
('SPLMN1932', 'SPLMN', 'MAXX OMEGA 3 SOFTCAP 30S BTL', '8000', '205'),
('SPLMN1961', 'SPLMN', 'DUREX RIBBED 3S', '23000', '53'),
('SPLMN1964', 'SPLMN', 'KONILIFE REDAXIN TAB 30S', '105000', '72'),
('SPLMN1975', 'SPLMN', 'JOINTHERBAL CAP 30S', '30000', '136'),
('SPLMN1996', 'SPLMN', 'TOLAK ANGIN PLUS MADU 15ML', '42000', '269'),
('SPLMN1997', 'SPLMN', 'OBICAL TAB', '37000', '99'),
('SPLMN2015', 'SPLMN', 'SANGOBION CAP 10\\\'S', '15000', '271'),
('SPLMN2069', 'SPLMN', 'MATOVIT FIFTY TAB 30\\\'S/DOS', '61000', '294'),
('SPLMN2079', 'SPLMN', 'HEPATIN 750MG TAB', '40000', '116'),
('SPLMN2082', 'SPLMN', 'MATOVIT TAB 30\\\'S/STR', '48000', '66'),
('SPLMN2086', 'SPLMN', 'LARUTAN CAP BADAK 200 ML', '4000', '154'),
('SPLMN2091', 'SPLMN', 'OBASA HERBAL', '10000', '81'),
('SPLMN2100', 'SPLMN', 'IMMUNACE TAB', '286000', '253'),
('SPLMN2102', 'SPLMN', 'RENOVIT TAB 30\\\'S/BTL', '87000', '132'),
('SPLMN2141', 'SPLMN', 'NUTRAFOR WHITE BEAUTY TAB 60S', '406000', '157'),
('SPLMN2161', 'SPLMN', 'KUTUS KUTUS HEALING OIL 100ML', '234000', '105'),
('SPLMN2177', 'SPLMN', 'SANBE KIDS EMULSION ORANGE 200ML', '51000', '244'),
('SPLMN2187', 'SPLMN', 'CHANNA CAP 30S', '261000', '104'),
('SPLMN2214', 'SPLMN', 'ALBUFORCE CAPSULE 100S', '79000', '178'),
('SPLMN2221', 'SPLMN', 'OBIPLUZ 60S', '27000', '92'),
('SPLMN2222', 'SPLMN', 'LARUTAN CAP BADAK 200 ML', '4000', '233'),
('SPLMN2235', 'SPLMN', 'ALERTEN Q50 CAP', '92000', '299'),
('SPLMN2237', 'SPLMN', 'THERMOLYTE MAXIMUS 30S', '53000', '152'),
('SPLMN224', 'SPLMN', 'PROSPAN SYR 100ML', '90000', '126'),
('SPLMN2246', 'SPLMN', 'BIOCURLIV TAB', '55000', '73'),
('SPLMN2250', 'SPLMN', 'NUTRAFOR CHOL', '170000', '43'),
('SPLMN2258', 'SPLMN', 'WELLNESS VIT E 400IU 60S', '280000', '257'),
('SPLMN2262', 'SPLMN', 'PROTECAL DEFF SACH 1\\\'S', '3000', '67'),
('SPLMN2271', 'SPLMN', 'FROZZ CHERRY MINT (PINK)', '8000', '79'),
('SPLMN2279', 'SPLMN', 'EGOJI CAP 10S', '39000', '254'),
('SPLMN2280', 'SPLMN', 'THERMOLYTE PLUS 10S', '76000', '300'),
('SPLMN2286', 'SPLMN', 'SANTA E 200MG', '11000', '97'),
('SPLMN2300', 'SPLMN', 'PROLACTA PLUS DHA BABY 10S', '67000', '108'),
('SPLMN2309', 'SPLMN', 'OB HERBAL JUNIOR', '14000', '19'),
('SPLMN2312', 'SPLMN', 'MILMOR NF', '31000', '33'),
('SPLMN2323', 'SPLMN', 'VEGETA SCRUBBER JERUK SACH 6S', '14000', '155'),
('SPLMN2327', 'SPLMN', 'SANGOBION VITA-TONIK 400ML', '40000', '271'),
('SPLMN2331', 'SPLMN', 'AVAIL BEAUTY NIGHT USE (PINK)', '44000', '89'),
('SPLMN2339', 'SPLMN', 'ETUROL CAPSUL 100S', '73000', '20'),
('SPLMN234', 'SPLMN', 'CURLIV PLUS TAB', '54000', '174'),
('SPLMN2340', 'SPLMN', 'SEA Q CAL MAG ZINC 60S DOS', '554000', '107'),
('SPLMN2347', 'SPLMN', 'TOLAK ANGIN TAB 4\\\'S', '3000', '242'),
('SPLMN235', 'SPLMN', 'SEA QUILL OSTEOCAL 60S', '450000', '288'),
('SPLMN2370', 'SPLMN', 'IBU DAN ANAK OBAT BATUK 75ML', '27000', '172'),
('SPLMN2418', 'SPLMN', 'PEPTISOL VAN 185G', '79000', '137'),
('SPLMN2422', 'SPLMN', 'LASERIN SYR 30ML', '5000', '139'),
('SPLMN2440', 'SPLMN', 'PYNOCARE WHITE CAP', '193000', '161'),
('SPLMN2459', 'SPLMN', 'TONICARD TAB', '223000', '47'),
('SPLMN2474', 'SPLMN', 'KONILIFE LIVERGARD TAB 30S', '139000', '215'),
('SPLMN248', 'SPLMN', 'SEA QUILL SPR CELERY 5000', '548000', '41'),
('SPLMN2482', 'SPLMN', 'SILEX SYR 100ML', '71000', '201'),
('SPLMN2496', 'SPLMN', 'IMUNOS PLUS SYR 60ML', '124000', '106'),
('SPLMN2504', 'SPLMN', 'SANTA E 100MG', '5000', '174'),
('SPLMN2516', 'SPLMN', 'IBU DAN ANAK OBAT BATUK 300ML', '73000', '145'),
('SPLMN2526', 'SPLMN', 'TOLAK ANGIN PERMEN BEBAS GULA RASA MINT SACH 15S', '2000', '47'),
('SPLMN2528', 'SPLMN', 'GOOD LIFE PROLIVER 30 TAB', '40000', '127'),
('SPLMN2545', 'SPLMN', 'SANREGO GINS SACH 10S', '114000', '62'),
('SPLMN255', 'SPLMN', 'WOODS BLACKCURRANT LOZ SACH', '5000', '44'),
('SPLMN2557', 'SPLMN', 'SCOTTS E VITA 400ML ORANGE', '66000', '300'),
('SPLMN257', 'SPLMN', 'HEMAVITON CARDIO TAB STRIP 10S', '20000', '41'),
('SPLMN2579', 'SPLMN', 'SEA Q SELENIUM ACE DOS 30 S', '332000', '289'),
('SPLMN2604', 'SPLMN', 'CYSTONE TAB 100S', '454000', '199'),
('SPLMN2608', 'SPLMN', 'ASTRIA 4MG SOFTCAP 12S', '46000', '89'),
('SPLMN2634', 'SPLMN', 'ALERTEN Q50 CAP', '92000', '177'),
('SPLMN2636', 'SPLMN', 'PSIDII KAPSUL', '338000', '192'),
('SPLMN2641', 'SPLMN', 'PRENATIN DF TAB', '38000', '16'),
('SPLMN2669', 'SPLMN', 'OSTEOPOR TAB 30S', '34000', '77'),
('SPLMN2678', 'SPLMN', 'PACEKAP 10\\\'S/STR', '28000', '77'),
('SPLMN2694', 'SPLMN', 'SARI KURMA SAHARA PLUS JAMBU BIJI MERAH 330G', '34000', '279'),
('SPLMN2696', 'SPLMN', 'IBU DAN ANAK OBAT BATUK 150ML', '49000', '49'),
('SPLMN273', 'SPLMN', 'SANTA E 200MG', '11000', '230'),
('SPLMN2735', 'SPLMN', 'NUTRAFOR CHOL ENVELOPE 12S', '32000', '26'),
('SPLMN2736', 'SPLMN', 'GARLIC OIL CAP 60S', '45000', '112'),
('SPLMN274', 'SPLMN', 'MATOVIT AX TAB', '58000', '118'),
('SPLMN2741', 'SPLMN', 'BIO STRATH TAB 100S', '217000', '160'),
('SPLMN2753', 'SPLMN', 'HEMOBION CAP', '24000', '264'),
('SPLMN2778', 'SPLMN', 'PSIDII KAPSUL', '338000', '273'),
('SPLMN2784', 'SPLMN', 'PUJIMIN TAB 30S', '237000', '84'),
('SPLMN2785', 'SPLMN', 'CAVIPLEX TAB', '6000', '281'),
('SPLMN28', 'SPLMN', 'LASERIN SYR 110ML', '20000', '149'),
('SPLMN2802', 'SPLMN', 'COLIDAN 50MG CAP 30S', '40000', '20'),
('SPLMN2805', 'SPLMN', 'SUTRA PERKASA CAP 2S', '17000', '233'),
('SPLMN2823', 'SPLMN', 'OB HERBAL ZIPLONG 12ML STICK 5S', '7000', '50'),
('SPLMN2824', 'SPLMN', 'DUREX TOGETHER 3\\\'S', '18000', '32'),
('SPLMN2844', 'SPLMN', 'PROVITAL TAB', '48000', '101'),
('SPLMN2885', 'SPLMN', 'OSKOM CAPL 30S', '52000', '263'),
('SPLMN2886', 'SPLMN', 'IMUDATOR TAB', '55000', '28'),
('SPLMN2888', 'SPLMN', 'UBIFORCE 100MG CAP 30S', '110000', '168'),
('SPLMN2892', 'SPLMN', 'UBESCO 100MG SOFT CAP 50\\\'S/DOS', '140000', '240'),
('SPLMN2904', 'SPLMN', 'NUTRAFOR CHOL TAB 20S', '32000', '260'),
('SPLMN2914', 'SPLMN', 'NEUROAID II MLC 901 TAB 60S', '647000', '117'),
('SPLMN2915', 'SPLMN', 'MASTIN 550MG CAP 30S', '32000', '30'),
('SPLMN2929', 'SPLMN', 'KOMIX HERBAL LEMON TUBE 4S', '8000', '34'),
('SPLMN2934', 'SPLMN', 'DIAPET CAP STR 4\\\'S', '2000', '15'),
('SPLMN2941', 'SPLMN', 'HEMAVITON SP 1500', '1500', '30'),
('SPLMN2951', 'SPLMN', 'KIRANTI SEHAT DATANG BLN', '7000', '121'),
('SPLMN2964', 'SPLMN', 'DIAPET ANAK 10ML SACH 6S', '1000', '68'),
('SPLMN2968', 'SPLMN', 'APIALYS SYRUP 100ML', '45000', '137'),
('SPLMN2978', 'SPLMN', 'BIOSTRUM 100ML SYR', '60000', '67'),
('SPLMN2982', 'SPLMN', 'PSIDII SYRUP', '50000', '140'),
('SPLMN2985', 'SPLMN', 'BALSEM LION HEAD 31G', '28000', '43'),
('SPLMN2987', 'SPLMN', 'LACTAFAR SOFT CAP', '54000', '175'),
('SPLMN2998', 'SPLMN', 'INLACTA DHA SOFT CAP', '87000', '78'),
('SPLMN30', 'SPLMN', 'SEA Q VIT E-400 IU', '406000', '34'),
('SPLMN308', 'SPLMN', 'PROCALMA CAPSUL', '51000', '38'),
('SPLMN312', 'SPLMN', 'ANAKONIDIN HERBAL SYR 60ML', '13000', '14'),
('SPLMN322', 'SPLMN', 'ENATIN CAP 50\\\'S/BTL', '105000', '129'),
('SPLMN33', 'SPLMN', 'THERABEX TAB 10S', '10000', '19'),
('SPLMN350', 'SPLMN', 'FOREDI GEL SACH 3S', '270000', '120'),
('SPLMN356', 'SPLMN', 'H2 CORDYCEPS MILITARIS CAP 30S', '282000', '62'),
('SPLMN37', 'SPLMN', 'CAVIPLEX SYR 60ML', '10000', '163'),
('SPLMN377', 'SPLMN', 'LANAKELOID 30MG TAB', '11000', '27'),
('SPLMN384', 'SPLMN', 'NUTRAFOR CHOL TAB 20S', '32000', '156'),
('SPLMN385', 'SPLMN', 'BERSIH DARAH KEMBANG BULAN', '16000', '63'),
('SPLMN390', 'SPLMN', 'SANTA E 400MG', '21000', '134'),
('SPLMN409', 'SPLMN', 'TENSIGARD 10\\\'S CAP/STR', '25000', '199'),
('SPLMN429', 'SPLMN', 'RENAX CAP', '553000', '283'),
('SPLMN45', 'SPLMN', 'AVAIL BEAUTY PANTILINER (HIJAU)', '37000', '197'),
('SPLMN458', 'SPLMN', 'LANTUROL 200IU CAP', '4000', '217'),
('SPLMN474', 'SPLMN', 'STIMOX CAP 50S', '90000', '189'),
('SPLMN483', 'SPLMN', 'SANFULIQ TAB 30S', '70000', '275'),
('SPLMN485', 'SPLMN', 'HAU FUNG SAN', '7000', '193'),
('SPLMN492', 'SPLMN', 'IBOE DAUN SIRSAK 500MG CAP 30S', '46000', '86'),
('SPLMN493', 'SPLMN', 'NEUROCHOL CAP', '87000', '152'),
('SPLMN495', 'SPLMN', 'HP PRO PLUS 90 CAP', '95000', '52'),
('SPLMN496', 'SPLMN', 'NUTRAFOR BALANCE CAP 60S', '35000', '296'),
('SPLMN506', 'SPLMN', 'MATOVIT AX TAB', '58000', '214'),
('SPLMN509', 'SPLMN', 'IMUNOS PLUS TAB 20S', '50000', '104'),
('SPLMN523', 'SPLMN', 'ASEPSO CLEAN SOAP 85G', '7000', '185'),
('SPLMN530', 'SPLMN', 'WISH PRO LQ CAP 30S', '272000', '122'),
('SPLMN542', 'SPLMN', 'HP PRO PLUS 90 CAP', '95000', '282'),
('SPLMN545', 'SPLMN', 'IBU DAN ANAK OBAT BATUK 300ML', '73000', '78'),
('SPLMN558', 'SPLMN', 'VEGETA HERBAL ANGGUR SACH', '18000', '121'),
('SPLMN56', 'SPLMN', 'WOODS HERBAL PLUS HONEY SYRUP 60ML', '18000', '95'),
('SPLMN573', 'SPLMN', 'OBIMIN AF STR TAB 10\\\'', '21000', '11'),
('SPLMN576', 'SPLMN', 'K-LINK CHLOROPHYL 500ML', '212000', '134'),
('SPLMN578', 'SPLMN', 'BIO STRATH TAB 100S', '217000', '8'),
('SPLMN580', 'SPLMN', 'PILKITA', '21000', '143'),
('SPLMN583', 'SPLMN', 'HEMAVITON CARDIO TAB STRIP 10S', '20000', '231'),
('SPLMN595', 'SPLMN', 'SUTRA PERKASA CAP 2S', '17000', '207'),
('SPLMN60', 'SPLMN', 'OSFIT TAB', '135000', '292'),
('SPLMN600', 'SPLMN', 'TROBESCO TAB', '91000', '286'),
('SPLMN602', 'SPLMN', 'CURCUMA PLUS SYR 60ML', '12000', '237'),
('SPLMN613', 'SPLMN', 'OB HERBAL ANTANGIN SACH', '21000', '79'),
('SPLMN64', 'SPLMN', 'JOINTACE COLLAGEN TAB', '67000', '288'),
('SPLMN648', 'SPLMN', 'FOLIC ACID FM 1MG TAB 100S', '2000', '210'),
('SPLMN658', 'SPLMN', 'OVACARE FOR WOMEN S\\\'6', '58000', '80'),
('SPLMN667', 'SPLMN', 'SANTA E 400MG', '21000', '53'),
('SPLMN68', 'SPLMN', 'ANTANGIN JRG TABLET STRIP', '3000', '292'),
('SPLMN691', 'SPLMN', 'KONILIFE IMUNEA', '106000', '225'),
('SPLMN700', 'SPLMN', 'PSIDII SYRUP', '50000', '42'),
('SPLMN706', 'SPLMN', 'BALSEM AKTIV LANG 20G', '9000', '88'),
('SPLMN707', 'SPLMN', 'RENOVIT GOLD TAB 4S', '14000', '182'),
('SPLMN711', 'SPLMN', 'LDLOX CAP 30S', '102000', '190'),
('SPLMN714', 'SPLMN', 'GOLD G SEA CUCUMBER JELLY 320ML', '180000', '218'),
('SPLMN752', 'SPLMN', 'HP PRO 120 CAP', '72000', '293'),
('SPLMN754', 'SPLMN', 'BERRY VISION DISP 100S', '28000', '277'),
('SPLMN77', 'SPLMN', 'OB HERBAL 60ML', '14000', '181'),
('SPLMN782', 'SPLMN', 'LANTUROL 200IU CAP', '4000', '267'),
('SPLMN809', 'SPLMN', 'TOLAK ANGIN CAIR BEBAS GULA SACH 5S', '20000', '127'),
('SPLMN832', 'SPLMN', 'PEPTISOL COKL 185G', '79000', '298');
INSERT INTO `obat` (`id_obat`, `id_jenis`, `nama_obat`, `harga`, `stok`) VALUES
('SPLMN837', 'SPLMN', 'SAMURAT STR 4S', '6000', '107'),
('SPLMN844', 'SPLMN', 'VIRUGON CR 5G', '15000', '216'),
('SPLMN848', 'SPLMN', 'CURCUMA PLUS SHARPY ORANGE 60ML', '15000', '109'),
('SPLMN859', 'SPLMN', 'BIO STRATH TAB 100S', '217000', '73'),
('SPLMN86', 'SPLMN', 'STIMOX CAP 50S', '90000', '194'),
('SPLMN87', 'SPLMN', 'WELLNESS CELERY COMPLEX CAP 30\\\'S', '210000', '247'),
('SPLMN870', 'SPLMN', 'UBESCO 100MG SOFT CAP 50\\\'S/DOS', '140000', '75'),
('SPLMN877', 'SPLMN', 'DECOUGH SYR ANAK RASA JERUK 60ML', '23000', '177'),
('SPLMN89', 'SPLMN', 'H2 CORDYCEPS MILITARIS CAP 30S', '282000', '19'),
('SPLMN907', 'SPLMN', 'NUTRAFOR CHOL TAB 20S', '32000', '276'),
('SPLMN914', 'SPLMN', 'DIABEMED CAP 24S', '39000', '144'),
('SPLMN932', 'SPLMN', 'TRANSPULMIN BB 20G', '83000', '42'),
('SPLMN933', 'SPLMN', 'QNC GAMAT 300ML', '231000', '280'),
('SPLMN936', 'SPLMN', 'TOLAK LINU HERBAL', '15000', '123'),
('SPLMN942', 'SPLMN', 'SANTA E 100MG', '5000', '201'),
('SPLMN957', 'SPLMN', 'VEGETA SCRUBBER JERUK SACH 6S', '14000', '102'),
('SPLMN967', 'SPLMN', 'FROZZ ORANGE MINT (ORANGE)', '8000', '13'),
('SPLMN972', 'SPLMN', 'HERBAPAIN TAB 4S STRIP', '7000', '243'),
('SPLMN988', 'SPLMN', 'DARSI CAP 12S/DOS', '19000', '79'),
('SPLMN989', 'SPLMN', 'NULACTA PLUS UNTUK IBU', '85000', '175'),
('SPLMN99', 'SPLMN', 'KONIDIN LOZ HERBAL MINT', '3000', '293'),
('SPLMN990', 'SPLMN', 'AFAMED CAP 30S', '97000', '184'),
('SPLMN992', 'SPLMN', 'SCOTTS E VITA ORANGE 200ML', '41000', '66'),
('WTA1030', 'WTA', 'FITOGEN TAB', '0', '106'),
('WTA1042', 'WTA', 'BLESIFEN TAB', '17000', '248'),
('WTA1050', 'WTA', 'INFATRIM F 960MG TAB 100S', '682000', '195'),
('WTA1072', 'WTA', 'PROTECAL SOLID SACH 1\\\'S', '3000', '168'),
('WTA1079', 'WTA', 'HI-BONE ACTIVE CHEW STRAWBERRY 30S', '121000', '296'),
('WTA1087', 'WTA', 'PROCALMA CAPSUL', '51000', '252'),
('WTA1121', 'WTA', 'CALOSBON TAB 30S', '0', '279'),
('WTA1128', 'WTA', 'GINASIH PEMBERSIH WANITA 200ML', '0', '40'),
('WTA1130', 'WTA', 'SOFTEX V CLASS DAY 20S', '0', '157'),
('WTA1180', 'WTA', 'KANDISTATIN DROP 100.000IU/ML 12ML', '54000', '282'),
('WTA1184', 'WTA', 'ELKANA CL EMULSION COKLAT 120ML', '0', '197'),
('WTA1206', 'WTA', 'CAVIT D3', '25000', '123'),
('WTA1209', 'WTA', 'ALOVEL 70MG TAB 4S', '0', '134'),
('WTA1247', 'WTA', 'ANLENE ACTIFIT COKELAT 250GR', '0', '125'),
('WTA1251', 'WTA', 'METROLET 250MG TAB 100S', '0', '191'),
('WTA1253', 'WTA', 'CALOSBON TAB 30S', '0', '272'),
('WTA1302', 'WTA', 'PLANOTAB KB TAB 28S', '6000', '66'),
('WTA1320', 'WTA', 'WELLNESS CAL/MAG/ZINC 60S', '220000', '94'),
('WTA135', 'WTA', 'VITAN 250MG TAB 20S', '67000', '15'),
('WTA1350', 'WTA', 'MAKARIZO HAIR ENRG SCNTS MRNG DEW 100ML', '0', '134'),
('WTA1364', 'WTA', 'BACTRICID 960MG TAB 100S', '0', '167'),
('WTA1366', 'WTA', 'OBICAL TAB', '37000', '78'),
('WTA1388', 'WTA', 'MENOPACE CAPSULAE', '32000', '204'),
('WTA1440', 'WTA', 'PREGNACARE PLUS TABLET', '31000', '13'),
('WTA1443', 'WTA', 'CHARM BF ACTIVE SLIM NON WING 10\\\'S', '0', '233'),
('WTA1453', 'WTA', 'DUREX PLAY 50ML TOP GEL', '0', '108'),
('WTA1456', 'WTA', 'ANGELIQ TAB', '0', '239'),
('WTA1466', 'WTA', 'ATOFAR 20MG TAB 30S', '15000', '243'),
('WTA151', 'WTA', 'MBK POWDER PUTIH', '2000', '172'),
('WTA155', 'WTA', 'SEA Q VIT E-400 IU', '406000', '230'),
('WTA1560', 'WTA', 'FIESTA DOTTED 3\\\'S', '15000', '221'),
('WTA1593', 'WTA', 'CALCIFAR TAB 100S', '2000', '111'),
('WTA162', 'WTA', 'PEMBALUT WANITA BERSALIN', '0', '135'),
('WTA1664', 'WTA', 'HI-BONE ACTIVE CHEW GRAPE 30S', '122000', '122'),
('WTA1667', 'WTA', 'NUTRAFOR BALANCE CAP 60S', '35000', '15'),
('WTA1673', 'WTA', 'OSTEOCARE FORTE D3 TAB 30S', '0', '221'),
('WTA1702', 'WTA', 'ONE MED MASKER EARLOOP HIJAB 50S', '0', '104'),
('WTA1722', 'WTA', 'URINAL WANITA', '16000', '162'),
('WTA1729', 'WTA', 'CHARM BF NIGHT WING 29CM 10S', '0', '117'),
('WTA1750', 'WTA', 'SARI KURMA SAHARA', '28000', '84'),
('WTA1758', 'WTA', 'OSTEOPOR TAB 30S', '34000', '212'),
('WTA1767', 'WTA', 'LAURIER MAXI 8S', '0', '187'),
('WTA1783', 'WTA', 'CALGAE CAPL FC 30S', '64000', '67'),
('WTA179', 'WTA', 'PRENAGEN ESENSIS COKLAT 360G', '0', '129'),
('WTA1830', 'WTA', 'FEROSPAT TAB EFF 10S', '85000', '52'),
('WTA1836', 'WTA', 'AROMASIN 25MG TAB 30S', '0', '156'),
('WTA1846', 'WTA', 'PROLACTA PLUS DHA MOTHER 10\\\'S', '63000', '121'),
('WTA1856', 'WTA', 'FEMARA 2,5MG', '0', '241'),
('WTA1875', 'WTA', 'CHARM BF EXT MAXI WG 5\\\'S', '0', '109'),
('WTA191', 'WTA', 'TRINORDIOL-28', '12000', '291'),
('WTA1916', 'WTA', 'METHYLPREDNISOLON NOVELL 16MG TAB', '1000', '212'),
('WTA1941', 'WTA', 'ALOVEL 70MG TAB 4S', '0', '234'),
('WTA1952', 'WTA', 'PIL KB ANDALAN TAB', '15000', '27'),
('WTA1958', 'WTA', 'EMINETON TAB', '22000', '233'),
('WTA1963', 'WTA', 'OVUTEST 10S', '27000', '96'),
('WTA2026', 'WTA', 'FOLAVIT 1MG STR', '10000', '277'),
('WTA2050', 'WTA', 'CALCIUM LACTAS KF 500MG TAB 1000S', '307000', '57'),
('WTA2053', 'WTA', 'GITAS PLUS TAB', '8000', '225'),
('WTA2073', 'WTA', 'SANEXON 4MG TAB', '3000', '179'),
('WTA2075', 'WTA', 'BONVIVA FC TAB 150MG', '0', '80'),
('WTA208', 'WTA', 'CALTRON TAB', '34000', '208'),
('WTA2085', 'WTA', 'CEREVAS TAB 100S', '0', '84'),
('WTA2109', 'WTA', 'OSTEOCARE FORTE D3 TAB 30S', '0', '101'),
('WTA2122', 'WTA', 'YASMIN TAB', '253000', '168'),
('WTA2149', 'WTA', 'CHARM BF EXT MAXI WG 10\\\'S', '0', '67'),
('WTA2150', 'WTA', 'CHARM BF EXT MAXI NON W 10S', '0', '259'),
('WTA216', 'WTA', 'TELA PEMBALUT WANITA BERSALIN JUMBO', '0', '74'),
('WTA2160', 'WTA', 'PRENAGEN ESENSIS COKL 180GR', '0', '83'),
('WTA2173', 'WTA', 'SNOW BEAR BREAST PUMP ELEKTRONIK', '0', '133'),
('WTA2184', 'WTA', 'ISOMENOPACE TAB', '44000', '297'),
('WTA2201', 'WTA', 'SOFTEX V CLASS DAY 20S', '0', '135'),
('WTA2230', 'WTA', 'ATOFAR 10MG TAB 30S', '15000', '118'),
('WTA2262', 'WTA', 'DIFLUCAN 50MG TABLET', '0', '99'),
('WTA2269', 'WTA', 'FARMABEX C TAB 100S', '0', '151'),
('WTA2296', 'WTA', 'SOFTEX V CLASS NIGHT 35CM 5S', '0', '162'),
('WTA2326', 'WTA', 'CALPLEX TAB 30\\\'S/DOS', '175000', '226'),
('WTA2354', 'WTA', 'MALTIRON PLUS TABLET', '20000', '268'),
('WTA2358', 'WTA', 'NULACTA UNTUK IBU', '70000', '294'),
('WTA2365', 'WTA', 'CALDANA FLEX TAB 30S', '20000', '15'),
('WTA2387', 'WTA', 'THIAMYCIN 1000MG CAP', '10000', '236'),
('WTA2396', 'WTA', 'WELLNESS CALCIUM CITRATE CAP 60\\\'S', '210000', '138'),
('WTA24', 'WTA', 'CHARM BF ACTIVE SLIM NON WING 10\\\'S', '0', '174'),
('WTA2406', 'WTA', 'SANEXON 8MG TAB', '4000', '281'),
('WTA243', 'WTA', 'SOFTEX V CLASS NIGHT 35CM 10S', '0', '223'),
('WTA2434', 'WTA', 'OSKADON SP TAB STR 4S', '1000', '44'),
('WTA2453', 'WTA', 'SNOW BEAR BREAST PUMP ELEKTRONIK', '0', '80'),
('WTA2462', 'WTA', 'EVER ESSENTIA SOFTCAP 12S', '123000', '135'),
('WTA2470', 'WTA', 'FLAGYSTATIN OVULA', '24000', '108'),
('WTA2472', 'WTA', 'PRENAGEN LACTAMOM CHOCOLATE 200GR', '0', '171'),
('WTA2501', 'WTA', 'SANAZET 500MG TAB 100S', '1000', '130'),
('WTA251', 'WTA', 'NATAVIT TAB 30\\\'S/BTL', '0', '36'),
('WTA2528', 'WTA', 'DIANE 35 TAB', '156000', '187'),
('WTA2568', 'WTA', 'ONE MED MASKER EARLOOP HIJAB 50S', '0', '204'),
('WTA2607', 'WTA', 'AZOL 200MG TAB', '0', '277'),
('WTA2634', 'WTA', 'PRENAGEN ESENSIS MOKA 180GRAM', '0', '40'),
('WTA2661', 'WTA', 'BETADINE SOL. HYGIENE 60ML', '32000', '116'),
('WTA2683', 'WTA', 'ALOVELL 10MG TAB', '12000', '55'),
('WTA2684', 'WTA', 'CHARM BF EXT MAXI WG 5\\\'S', '0', '225'),
('WTA2734', 'WTA', 'DIPTHEN 50MG TAB', '16000', '245'),
('WTA2746', 'WTA', 'OVUTEST SCOPE', '0', '255'),
('WTA2748', 'WTA', 'RAPET WANGI CAP', '10000', '88'),
('WTA2773', 'WTA', 'NATAVIT TAB 30\\\'S/BTL', '0', '117'),
('WTA2779', 'WTA', 'PRAZINA 500MG TAB 100S', '0', '184'),
('WTA2812', 'WTA', 'FOLAVIT 400MCG TAB 10S', '12000', '55'),
('WTA2816', 'WTA', 'TISSUE SUPER MAGIC MAN', '13000', '228'),
('WTA2841', 'WTA', 'METHYLPREDNISOLON DEXA 4MG TAB', '615000', '143'),
('WTA2849', 'WTA', 'KK NATESH MAXIMUM DAY PROTECTION 10S', '42000', '12'),
('WTA2851', 'WTA', 'MAKARIZO HAIR ENRG SCNTS OCEAN BRZE 30ML', '0', '179'),
('WTA2863', 'WTA', 'OSSOPAN 200MG TAB 100S', '0', '76'),
('WTA2875', 'WTA', 'NULACTA PLUS UNTUK IBU', '85000', '226'),
('WTA2879', 'WTA', 'KK NATESH MAXIMUM NIGHT PROTECTION 10S', '51000', '188'),
('WTA2883', 'WTA', 'CEREVAS TAB 100S', '0', '101'),
('WTA2886', 'WTA', 'OSTEOCARE TAB', '31000', '101'),
('WTA2921', 'WTA', 'PREABOR 5MG TAB 30S', '4000', '220'),
('WTA2923', 'WTA', 'MYCOSTATIN DROP 12ML', '77000', '148'),
('WTA2978', 'WTA', 'CHARM BF NIGHT WING 29CM 10S', '0', '215'),
('WTA299', 'WTA', 'EVISTA 60MG TAB 28S', '0', '159'),
('WTA321', 'WTA', 'COROCYD 40MG TAB 50S', '0', '131'),
('WTA328', 'WTA', 'FIESTA INTIMATE NATURAL LUBRICANT GEL 50ML', '0', '76'),
('WTA355', 'WTA', 'BETADINE FEM WASH FOAM MOISTURISING CALENDULA', '0', '129'),
('WTA364', 'WTA', 'OVACARE FOR WOMEN S\\\'6', '58000', '167'),
('WTA372', 'WTA', 'SANEXON 16MG TAB 30S', '7000', '90'),
('WTA39', 'WTA', 'CHARM BODYFIT EXTRA MAXI WING 20S', '0', '252'),
('WTA394', 'WTA', 'ANGELIQ TAB', '0', '294'),
('WTA402', 'WTA', 'FOLAMIL TAB', '7000', '106'),
('WTA409', 'WTA', 'SEA QUILL OSTEOCAL 60S', '450000', '284'),
('WTA415', 'WTA', 'MICROGYNON TAB 25 STRIP', '16000', '66'),
('WTA488', 'WTA', 'ANLENE ACTIFIT COKELAT 250GR', '0', '158'),
('WTA49', 'WTA', 'ANLENE ACTIFIT VANILA 250GR', '0', '295'),
('WTA537', 'WTA', 'FLADYSTIN OVULA', '21000', '247'),
('WTA54', 'WTA', 'GLYDERM STRETCH MARK CR 60ML', '0', '53'),
('WTA542', 'WTA', 'PEMBALUT WANITA BERSALIN', '0', '296'),
('WTA550', 'WTA', 'SANGOBION FEM MENSTRUPAIN 4S', '12000', '9'),
('WTA580', 'WTA', 'INTERDOXIN 100MG CAP', '10000', '224'),
('WTA626', 'WTA', 'HEMAVITON ACTION 5S CAP', '7000', '272'),
('WTA65', 'WTA', 'GENOCLOM 50MG', '0', '58'),
('WTA654', 'WTA', 'FARMABEX C TAB 100S', '0', '83'),
('WTA656', 'WTA', 'CHARM BF EXT MAXI NON W 10S', '0', '83'),
('WTA683', 'WTA', 'CHARM BODYFIT EXTRA MAXI WING 20S', '0', '288'),
('WTA717', 'WTA', 'DARSI CAP 12S/DOS', '19000', '182'),
('WTA727', 'WTA', 'LACTACYD WHITE INTIMATE 60ML', '0', '25'),
('WTA808', 'WTA', 'KALZANA D TAB STR', '10000', '158'),
('WTA811', 'WTA', 'BIOSAN TABLET 6S', '112000', '143'),
('WTA835', 'WTA', 'SOFTEX MATERNITY', '23000', '175'),
('WTA841', 'WTA', 'SOFTEX V CLASS NIGHT 35CM 5S', '0', '127'),
('WTA850', 'WTA', 'WISH FEMI HERBS CAP 50S', '0', '88'),
('WTA856', 'WTA', 'PIL KB ANDALAN FE 2S', '8000', '141'),
('WTA867', 'WTA', 'PRENAGEN LACTAMOM VANILA 200GR', '0', '135'),
('WTA87', 'WTA', 'SEA Q MAXTION CP 60\\\'S', '0', '35'),
('WTA917', 'WTA', 'WELLNESS JOINT FORMULA 30\\\'S', '0', '187'),
('WTA926', 'WTA', 'BETADINE VAG D.100ML PLUS APLIKATOR', '87000', '28'),
('WTA929', 'WTA', 'SOFTEX V CLASS NIGHT 35CM 10S', '0', '282'),
('WTA943', 'WTA', 'FOLDA TAB 30S', '33000', '11'),
('WTA975', 'WTA', 'PROTECAL SOLID EFF 10\\\'S', '35000', '188'),
('WTA990', 'WTA', 'YAZ TAB', '331000', '226');

-- --------------------------------------------------------

--
-- Table structure for table `user`
--

CREATE TABLE `user` (
  `id_user` varchar(20) NOT NULL,
  `nama` varchar(50) NOT NULL,
  `email` varchar(100) NOT NULL,
  `password` varchar(50) NOT NULL
) ENGINE=InnoDB DEFAULT CHARSET=latin1;

--
-- Dumping data for table `user`
--

INSERT INTO `user` (`id_user`, `nama`, `email`, `password`) VALUES
('@otong_rfalak', 'otong_13', 'anythinggoes38@ymail.com', 'otong'),
('@otong_rikudo', 'otong', 'anythinggoes38@ymail.com', 'otong');

--
-- Indexes for dumped tables
--

--
-- Indexes for table `jenis_obat`
--
ALTER TABLE `jenis_obat`
  ADD PRIMARY KEY (`id_jenis`);

--
-- Indexes for table `obat`
--
ALTER TABLE `obat`
  ADD PRIMARY KEY (`id_obat`),
  ADD KEY `Id_jenis_obat_FK` (`id_jenis`);

--
-- Indexes for table `user`
--
ALTER TABLE `user`
  ADD PRIMARY KEY (`id_user`);

--
-- Constraints for dumped tables
--

--
-- Constraints for table `obat`
--
ALTER TABLE `obat`
  ADD CONSTRAINT `Id_jenis_obat_FK` FOREIGN KEY (`id_jenis`) REFERENCES `jenis_obat` (`id_jenis`);
COMMIT;

/*!40101 SET CHARACTER_SET_CLIENT=@OLD_CHARACTER_SET_CLIENT */;
/*!40101 SET CHARACTER_SET_RESULTS=@OLD_CHARACTER_SET_RESULTS */;
/*!40101 SET COLLATION_CONNECTION=@OLD_COLLATION_CONNECTION */;
